-- Adminer 4.8.1 MySQL 8.0.29 dump

SET NAMES utf8;
SET time_zone = '+00:00';
SET foreign_key_checks = 0;
SET sql_mode = 'NO_AUTO_VALUE_ON_ZERO';

SET NAMES utf8mb4;

DROP TABLE IF EXISTS `activities`;
CREATE TABLE `activities` (
  `id` int unsigned NOT NULL AUTO_INCREMENT,
  `title` varchar(255) NOT NULL,
  `description` text CHARACTER SET utf8mb4 COLLATE utf8mb4_unicode_ci,
  `task_status` varchar(100) NOT NULL,
  `enforce_hours` tinyint NOT NULL DEFAULT '1',
  `allocated_hours` time NOT NULL,
  `type` varchar(50) NOT NULL,
  `include_weekend` tinyint NOT NULL DEFAULT '0',
  `activity_recurrence_id` int unsigned DEFAULT NULL,
  `activity_recurrence` tinyint NOT NULL DEFAULT '1',
  `project_id` int unsigned DEFAULT NULL,
  `course_id` int unsigned DEFAULT NULL,
  `created_by` int unsigned NOT NULL,
  `updated_by` int unsigned NOT NULL,
  `start_date` datetime DEFAULT NULL,
  `due_date` datetime DEFAULT NULL,
  `cost` int NOT NULL DEFAULT '0',
  `bill` int NOT NULL DEFAULT '0',
  `deleted_at` timestamp NULL DEFAULT NULL,
  `created_at` timestamp NULL DEFAULT NULL,
  `updated_at` timestamp NULL DEFAULT NULL,
  `members_count` int NOT NULL DEFAULT '0',
  PRIMARY KEY (`id`),
  KEY `activities_activity_recurrence_id_foreign` (`activity_recurrence_id`),
  KEY `activities_project_id_foreign` (`project_id`),
  KEY `activities_course_id_foreign` (`course_id`),
  KEY `activities_created_by_foreign` (`created_by`),
  KEY `activities_updated_by_foreign` (`updated_by`),
  KEY `idx_activity_due` (`start_date`,`due_date`),
  CONSTRAINT `activities_activity_recurrence_id_foreign` FOREIGN KEY (`activity_recurrence_id`) REFERENCES `activities_recurrence` (`id`),
  CONSTRAINT `activities_course_id_foreign` FOREIGN KEY (`course_id`) REFERENCES `courses` (`id`),
  CONSTRAINT `activities_created_by_foreign` FOREIGN KEY (`created_by`) REFERENCES `users` (`id`),
  CONSTRAINT `activities_project_id_foreign` FOREIGN KEY (`project_id`) REFERENCES `projects` (`id`),
  CONSTRAINT `activities_updated_by_foreign` FOREIGN KEY (`updated_by`) REFERENCES `users` (`id`)
) ENGINE=InnoDB DEFAULT CHARSET=utf8mb4 COLLATE=utf8mb4_unicode_ci;


DROP TABLE IF EXISTS `activities_recurrence`;
CREATE TABLE `activities_recurrence` (
  `id` int unsigned NOT NULL AUTO_INCREMENT,
  `created_at` timestamp NULL DEFAULT NULL,
  `updated_at` timestamp NULL DEFAULT NULL,
  PRIMARY KEY (`id`)
) ENGINE=InnoDB DEFAULT CHARSET=utf8mb4 COLLATE=utf8mb4_unicode_ci;


DROP TABLE IF EXISTS `activity_user_logs`;
CREATE TABLE `activity_user_logs` (
  `id` bigint unsigned NOT NULL AUTO_INCREMENT,
  `type` tinyint DEFAULT NULL,
  `module_id` int DEFAULT NULL,
  `user_id` int DEFAULT NULL COMMENT 'current login user id',
  `ip` varchar(45) DEFAULT NULL,
  `system_info` varchar(200) DEFAULT NULL,
  `browser_info` varchar(200) DEFAULT NULL,
  `action_type` varchar(100) DEFAULT NULL,
  `created_at` timestamp NULL DEFAULT NULL,
  `updated_at` timestamp NULL DEFAULT NULL,
  PRIMARY KEY (`id`)
) ENGINE=InnoDB DEFAULT CHARSET=utf8mb4 COLLATE=utf8mb4_unicode_ci;

INSERT INTO `activity_user_logs` (`id`, `type`, `module_id`, `user_id`, `ip`, `system_info`, `browser_info`, `action_type`, `created_at`, `updated_at`) VALUES
(1,	1,	44,	2319,	'125.209.112.85',	'Linux 628a0e2570cb 6.8.0-52-generic #53~22.04.1-Ubuntu SMP PREEMPT_DYNAMIC Wed Jan 15 19:18:46 UTC 2 x86_64',	'Mozilla/5.0 (Windows NT 10.0; Win64; x64) AppleWebKit/537.36 (KHTML, like Gecko) Chrome/135.0.0.0 Safari/537.36',	'update bulk data is updated by 2319',	'2025-04-04 08:27:14',	'2025-04-04 08:27:14'),
(2,	1,	44,	2319,	'125.209.112.85',	'Linux 628a0e2570cb 6.8.0-52-generic #53~22.04.1-Ubuntu SMP PREEMPT_DYNAMIC Wed Jan 15 19:18:46 UTC 2 x86_64',	'Mozilla/5.0 (Windows NT 10.0; Win64; x64) AppleWebKit/537.36 (KHTML, like Gecko) Chrome/135.0.0.0 Safari/537.36',	'Company Setup Successfully by 2319',	'2025-04-04 08:27:15',	'2025-04-04 08:27:15');

DROP TABLE IF EXISTS `add_soft_delete_to_tasks`;
CREATE TABLE `add_soft_delete_to_tasks` (
  `id` bigint unsigned NOT NULL AUTO_INCREMENT,
  `created_at` timestamp NULL DEFAULT NULL,
  `updated_at` timestamp NULL DEFAULT NULL,
  PRIMARY KEY (`id`)
) ENGINE=InnoDB DEFAULT CHARSET=utf8mb4 COLLATE=utf8mb4_unicode_ci;


DROP TABLE IF EXISTS `addons_histories`;
CREATE TABLE `addons_histories` (
  `id` bigint unsigned NOT NULL AUTO_INCREMENT,
  `product_id` int NOT NULL,
  `subscription_id` varchar(255) NOT NULL,
  `stripe_product_id` varchar(255) NOT NULL,
  `stripe_price_id` varchar(255) NOT NULL,
  `current_plan_features` longtext,
  `start_date` timestamp NULL DEFAULT NULL,
  `expiry_date` timestamp NULL DEFAULT NULL,
  `remove_date` timestamp NULL DEFAULT NULL,
  `type` varchar(255) DEFAULT NULL,
  `status` tinyint(1) NOT NULL DEFAULT '1' COMMENT '1: Active, 0: Inactive',
  `created_at` timestamp NULL DEFAULT NULL,
  `updated_at` timestamp NULL DEFAULT NULL,
  PRIMARY KEY (`id`)
) ENGINE=InnoDB DEFAULT CHARSET=utf8mb4 COLLATE=utf8mb4_unicode_ci;

INSERT INTO `addons_histories` (`id`, `product_id`, `subscription_id`, `stripe_product_id`, `stripe_price_id`, `current_plan_features`, `start_date`, `expiry_date`, `remove_date`, `type`, `status`, `created_at`, `updated_at`) VALUES
(1,	378,	'sub_1RA5ZKGN1EGOh1niO85TFnw2',	'prod_S0s38qwDU7xQyA',	'price_1R6qibGN1EGOh1niD2FiXAHm',	'{\"module_features_list\":[\"268\",\"267\",\"268\",\"269\",\"271\",\"277\",\"272\",\"273\",\"278\",\"57\",\"58\",\"36\"],\"modules\":[\"12\",\"12\",\"12\",\"14\",\"14\",\"14\",\"18\",\"18\",\"18\",\"71\",\"72\",\"15\"]}',	'2025-04-04 08:31:38',	'2025-05-04 08:31:38',	'2025-04-07 07:43:50',	'recurring',	0,	'2025-04-07 07:43:50',	'2025-04-07 07:43:50'),
(2,	396,	'sub_1RA5ZKGN1EGOh1niO85TFnw2',	'prod_S1FpuryzasC3rC',	'price_1R7DJlGN1EGOh1niIL2wnrHW',	'{\"module_features_list\":[\"288\"],\"modules\":[\"1\"]}',	'2025-04-04 08:31:38',	'2025-05-04 08:31:38',	'2025-04-04 12:07:31',	'recurring',	0,	'2025-04-04 12:07:31',	'2025-04-04 12:07:31'),
(3,	387,	'sub_1RA5ZKGN1EGOh1niO85TFnw2',	'prod_S1BkNVtABdcslC',	'price_1R79McGN1EGOh1ni6zImzf6J',	'{\"module_features_list\":[\"286\"],\"modules\":[\"85\"]}',	'2025-04-04 08:31:38',	'2025-05-04 08:31:38',	'2025-04-07 07:46:42',	'recurring',	0,	'2025-04-07 07:46:42',	'2025-04-07 07:46:42');

DROP TABLE IF EXISTS `article_completion`;
CREATE TABLE `article_completion` (
  `id` int unsigned NOT NULL AUTO_INCREMENT,
  `user_id` int unsigned NOT NULL,
  `course_id` int unsigned NOT NULL,
  `article_id` int unsigned DEFAULT NULL,
  `course_batch_id` bigint DEFAULT '0',
  `completion` int NOT NULL DEFAULT '0',
  `completion_time` time NOT NULL DEFAULT '00:00:00',
  `created_at` timestamp NULL DEFAULT NULL,
  `updated_at` timestamp NULL DEFAULT NULL,
  `submitted` tinyint NOT NULL DEFAULT '0' COMMENT '0 for not submitted,1 for submitted, 2 for timeover',
  PRIMARY KEY (`id`),
  KEY `article_completion_user_id_foreign` (`user_id`),
  KEY `article_completion_course_id_foreign` (`course_id`),
  KEY `article_completion_article_id_foreign` (`article_id`),
  CONSTRAINT `article_completion_article_id_foreign` FOREIGN KEY (`article_id`) REFERENCES `articles` (`id`),
  CONSTRAINT `article_completion_course_id_foreign` FOREIGN KEY (`course_id`) REFERENCES `courses` (`id`),
  CONSTRAINT `article_completion_user_id_foreign` FOREIGN KEY (`user_id`) REFERENCES `users` (`id`)
) ENGINE=InnoDB DEFAULT CHARSET=utf8mb4 COLLATE=utf8mb4_unicode_ci;


DROP TABLE IF EXISTS `article_reading`;
CREATE TABLE `article_reading` (
  `id` int unsigned NOT NULL AUTO_INCREMENT,
  `user_id` int unsigned NOT NULL,
  `course_id` int unsigned NOT NULL,
  `article_id` int unsigned DEFAULT NULL,
  `quiz_id` int unsigned DEFAULT NULL,
  `heading_id` int unsigned NOT NULL DEFAULT '0',
  `created_at` timestamp NOT NULL DEFAULT CURRENT_TIMESTAMP,
  `updated_at` timestamp NOT NULL DEFAULT CURRENT_TIMESTAMP,
  `article_completion` int NOT NULL,
  `course_batch_id` bigint DEFAULT '0',
  PRIMARY KEY (`id`),
  KEY `article_reading_user_id_foreign` (`user_id`),
  KEY `article_reading_course_id_foreign` (`course_id`),
  KEY `article_reading_article_id_foreign` (`article_id`),
  KEY `article_reading_heading_id_foreign` (`heading_id`),
  KEY `article_reading_quiz_id_foreign` (`quiz_id`),
  CONSTRAINT `article_reading_article_id_foreign` FOREIGN KEY (`article_id`) REFERENCES `articles` (`id`),
  CONSTRAINT `article_reading_course_id_foreign` FOREIGN KEY (`course_id`) REFERENCES `courses` (`id`),
  CONSTRAINT `article_reading_heading_id_foreign` FOREIGN KEY (`heading_id`) REFERENCES `headings` (`id`),
  CONSTRAINT `article_reading_quiz_id_foreign` FOREIGN KEY (`quiz_id`) REFERENCES `quizzes` (`id`),
  CONSTRAINT `article_reading_user_id_foreign` FOREIGN KEY (`user_id`) REFERENCES `users` (`id`)
) ENGINE=InnoDB DEFAULT CHARSET=utf8mb4 COLLATE=utf8mb4_unicode_ci;


DROP TABLE IF EXISTS `articles`;
CREATE TABLE `articles` (
  `id` int unsigned NOT NULL AUTO_INCREMENT,
  `department_id` int DEFAULT NULL,
  `title` varchar(150) NOT NULL,
  `description` varchar(255) NOT NULL,
  `created_by` int unsigned NOT NULL,
  `status` varchar(15) NOT NULL,
  `company_id` int unsigned NOT NULL,
  `type` varchar(15) NOT NULL,
  `is_published` int NOT NULL DEFAULT '0',
  `is_deleted` int NOT NULL DEFAULT '0',
  `created_at` timestamp NULL DEFAULT NULL,
  `updated_at` timestamp NULL DEFAULT NULL,
  PRIMARY KEY (`id`),
  KEY `articles_created_by_foreign` (`created_by`),
  KEY `articles_company_id_foreign` (`company_id`),
  CONSTRAINT `articles_company_id_foreign` FOREIGN KEY (`company_id`) REFERENCES `companies` (`id`),
  CONSTRAINT `articles_created_by_foreign` FOREIGN KEY (`created_by`) REFERENCES `users` (`id`)
) ENGINE=InnoDB DEFAULT CHARSET=utf8mb4 COLLATE=utf8mb4_unicode_ci;


DROP TABLE IF EXISTS `attendances`;
CREATE TABLE `attendances` (
  `id` char(36) NOT NULL,
  `user_id` int unsigned NOT NULL,
  `attendance_date` date NOT NULL,
  `clock_in` timestamp NULL DEFAULT NULL,
  `clock_out` timestamp NULL DEFAULT NULL,
  `user_entered_at` timestamp NULL DEFAULT NULL,
  `deleted_at` timestamp NULL DEFAULT NULL,
  `type` json DEFAULT NULL,
  `created_at` timestamp NOT NULL DEFAULT CURRENT_TIMESTAMP,
  `updated_at` timestamp NULL DEFAULT NULL ON UPDATE CURRENT_TIMESTAMP,
  PRIMARY KEY (`id`)
) ENGINE=InnoDB DEFAULT CHARSET=utf8mb4 COLLATE=utf8mb4_unicode_ci;


DROP TABLE IF EXISTS `break_groups`;
CREATE TABLE `break_groups` (
  `id` int unsigned NOT NULL AUTO_INCREMENT,
  `group_id` int unsigned NOT NULL,
  `break_id` int unsigned NOT NULL,
  PRIMARY KEY (`id`),
  KEY `break_groups_break_id_foreign` (`break_id`),
  KEY `break_groups_group_id_foreign` (`group_id`),
  CONSTRAINT `break_groups_break_id_foreign` FOREIGN KEY (`break_id`) REFERENCES `breaks` (`id`),
  CONSTRAINT `break_groups_group_id_foreign` FOREIGN KEY (`group_id`) REFERENCES `groups` (`id`)
) ENGINE=InnoDB DEFAULT CHARSET=utf8mb4 COLLATE=utf8mb4_unicode_ci;


DROP TABLE IF EXISTS `break_slots`;
CREATE TABLE `break_slots` (
  `id` int unsigned NOT NULL AUTO_INCREMENT,
  `start_time` time NOT NULL,
  `end_time` time NOT NULL,
  `break_id` int unsigned NOT NULL,
  `status` tinyint NOT NULL DEFAULT '1' COMMENT '1 = enable, 2 =  disabled',
  PRIMARY KEY (`id`),
  KEY `break_slots_break_id_foreign` (`break_id`),
  CONSTRAINT `break_slots_break_id_foreign` FOREIGN KEY (`break_id`) REFERENCES `breaks` (`id`)
) ENGINE=InnoDB DEFAULT CHARSET=utf8mb4 COLLATE=utf8mb4_unicode_ci;


DROP TABLE IF EXISTS `break_users`;
CREATE TABLE `break_users` (
  `id` int unsigned NOT NULL AUTO_INCREMENT,
  `user_id` int unsigned NOT NULL,
  `break_id` int unsigned NOT NULL,
  `status` tinyint NOT NULL DEFAULT '1' COMMENT '1 = enable, 2 =  disabled',
  PRIMARY KEY (`id`),
  KEY `break_users_break_id_foreign` (`break_id`),
  KEY `break_users_user_id_foreign` (`user_id`),
  CONSTRAINT `break_users_break_id_foreign` FOREIGN KEY (`break_id`) REFERENCES `breaks` (`id`),
  CONSTRAINT `break_users_user_id_foreign` FOREIGN KEY (`user_id`) REFERENCES `users` (`id`)
) ENGINE=InnoDB DEFAULT CHARSET=utf8mb4 COLLATE=utf8mb4_unicode_ci;


DROP TABLE IF EXISTS `breaks`;
CREATE TABLE `breaks` (
  `id` int unsigned NOT NULL AUTO_INCREMENT,
  `break_title` varchar(100) NOT NULL,
  `shift_id` int unsigned NOT NULL,
  `company_id` int unsigned NOT NULL,
  `created_by` int unsigned NOT NULL,
  `created_at` timestamp NULL DEFAULT NULL,
  `updated_at` timestamp NULL DEFAULT NULL,
  `deleted_at` timestamp NULL DEFAULT NULL,
  `status` tinyint NOT NULL DEFAULT '1' COMMENT '1 = enable, 2 =  disabled',
  `break_type` tinyint NOT NULL DEFAULT '1' COMMENT '1 = enable, 2 =  disabled',
  PRIMARY KEY (`id`),
  KEY `breaks_shift_id_foreign` (`shift_id`),
  KEY `breaks_created_by_foreign` (`created_by`),
  KEY `breaks_company_id_foreign` (`company_id`),
  CONSTRAINT `breaks_company_id_foreign` FOREIGN KEY (`company_id`) REFERENCES `companies` (`id`),
  CONSTRAINT `breaks_created_by_foreign` FOREIGN KEY (`created_by`) REFERENCES `users` (`id`),
  CONSTRAINT `breaks_shift_id_foreign` FOREIGN KEY (`shift_id`) REFERENCES `shifts` (`id`)
) ENGINE=InnoDB DEFAULT CHARSET=utf8mb4 COLLATE=utf8mb4_unicode_ci;


DROP TABLE IF EXISTS `candidate_docs`;
CREATE TABLE `candidate_docs` (
  `id` int unsigned NOT NULL AUTO_INCREMENT,
  `user_id` int unsigned NOT NULL,
  `doc_title` varchar(20) DEFAULT NULL,
  `docs_tags` varchar(255) DEFAULT NULL,
  `doc_type` varchar(20) DEFAULT NULL,
  `doc_names` varchar(255) DEFAULT NULL,
  `uploaded_by` int unsigned NOT NULL,
  `created_at` timestamp NULL DEFAULT NULL,
  `updated_at` timestamp NULL DEFAULT NULL,
  PRIMARY KEY (`id`),
  KEY `candidate_docs_user_id_foreign` (`user_id`),
  KEY `candidate_docs_uploaded_by_foreign` (`uploaded_by`),
  CONSTRAINT `candidate_docs_uploaded_by_foreign` FOREIGN KEY (`uploaded_by`) REFERENCES `users` (`id`),
  CONSTRAINT `candidate_docs_user_id_foreign` FOREIGN KEY (`user_id`) REFERENCES `users` (`id`)
) ENGINE=InnoDB DEFAULT CHARSET=utf8mb4 COLLATE=utf8mb4_unicode_ci;


DROP TABLE IF EXISTS `candidate_education`;
CREATE TABLE `candidate_education` (
  `id` int unsigned NOT NULL AUTO_INCREMENT,
  `user_id` int unsigned NOT NULL,
  `start_date` int NOT NULL,
  `end_date` varchar(5) NOT NULL,
  `institute_name` varchar(60) NOT NULL,
  `edu_level` varchar(20) NOT NULL,
  `degree_name` varchar(30) NOT NULL,
  `major_subjects` varchar(150) NOT NULL,
  `obtained_marks` double(8,2) NOT NULL,
  `total_marks` double(8,2) NOT NULL,
  `marking_system` varchar(20) NOT NULL,
  `candidate_grade` char(3) NOT NULL,
  `percentage` varchar(11) NOT NULL,
  `created_at` timestamp NULL DEFAULT NULL,
  `updated_at` timestamp NULL DEFAULT NULL,
  PRIMARY KEY (`id`),
  KEY `candidate_education_user_id_foreign` (`user_id`),
  CONSTRAINT `candidate_education_user_id_foreign` FOREIGN KEY (`user_id`) REFERENCES `users` (`id`)
) ENGINE=InnoDB DEFAULT CHARSET=utf8mb4 COLLATE=utf8mb4_unicode_ci;


DROP TABLE IF EXISTS `candidate_info`;
CREATE TABLE `candidate_info` (
  `id` int unsigned NOT NULL AUTO_INCREMENT,
  `user_id` int unsigned NOT NULL,
  `first_name` varchar(255) DEFAULT NULL,
  `last_name` varchar(255) DEFAULT NULL,
  `father_name` varchar(30) NOT NULL,
  `personal_email` varchar(30) NOT NULL,
  `employee_photo` varchar(100) DEFAULT NULL,
  `cnic` varchar(15) NOT NULL,
  `cnic_picture` varchar(255) DEFAULT NULL,
  `dob` date NOT NULL,
  `primary_contact` varchar(255) NOT NULL,
  `secondary_contact` varchar(255) DEFAULT NULL,
  `permanent_address` varchar(100) NOT NULL,
  `current_address` varchar(100) DEFAULT NULL,
  `country` varchar(20) NOT NULL,
  `country_flag` varchar(20) DEFAULT NULL,
  `state` varchar(20) DEFAULT NULL,
  `city` varchar(20) NOT NULL,
  `zip_code` varchar(6) NOT NULL,
  `willing_to_relocate` tinyint DEFAULT NULL,
  `no_employment_history` tinyint DEFAULT NULL,
  `preffered_contact_mode` varchar(20) NOT NULL,
  `employee_code` varchar(50) DEFAULT NULL,
  `alias_name` varchar(20) DEFAULT NULL,
  `designation` varchar(20) DEFAULT NULL,
  `department` int unsigned DEFAULT NULL,
  `temp_address` varchar(200) DEFAULT NULL,
  `work_phone` varchar(15) DEFAULT NULL,
  `employment_status` varchar(20) DEFAULT NULL,
  `offer_sending_date` date DEFAULT NULL,
  `offer_acceptance_date` date DEFAULT NULL,
  `joining_date` date DEFAULT NULL,
  `exit_date` date DEFAULT NULL,
  `total_experience` varchar(255) DEFAULT NULL,
  `relevant_experience` varchar(255) DEFAULT NULL,
  `apparaisal_eligibility` varchar(20) DEFAULT NULL,
  `shift_id` int unsigned DEFAULT NULL,
  `created_at` timestamp NULL DEFAULT NULL,
  `updated_at` timestamp NULL DEFAULT NULL,
  PRIMARY KEY (`id`),
  KEY `candidate_info_user_id_foreign` (`user_id`),
  KEY `candidate_info_department_foreign` (`department`),
  KEY `candidate_info_shift_id_foreign` (`shift_id`),
  CONSTRAINT `candidate_info_department_foreign` FOREIGN KEY (`department`) REFERENCES `departments` (`id`),
  CONSTRAINT `candidate_info_shift_id_foreign` FOREIGN KEY (`shift_id`) REFERENCES `shifts` (`id`),
  CONSTRAINT `candidate_info_user_id_foreign` FOREIGN KEY (`user_id`) REFERENCES `users` (`id`)
) ENGINE=InnoDB DEFAULT CHARSET=utf8mb4 COLLATE=utf8mb4_unicode_ci;

INSERT INTO `candidate_info` (`id`, `user_id`, `first_name`, `last_name`, `father_name`, `personal_email`, `employee_photo`, `cnic`, `cnic_picture`, `dob`, `primary_contact`, `secondary_contact`, `permanent_address`, `current_address`, `country`, `country_flag`, `state`, `city`, `zip_code`, `willing_to_relocate`, `no_employment_history`, `preffered_contact_mode`, `employee_code`, `alias_name`, `designation`, `department`, `temp_address`, `work_phone`, `employment_status`, `offer_sending_date`, `offer_acceptance_date`, `joining_date`, `exit_date`, `total_experience`, `relevant_experience`, `apparaisal_eligibility`, `shift_id`, `created_at`, `updated_at`) VALUES
(1,	2319,	NULL,	NULL,	'',	'',	NULL,	'',	NULL,	'0000-00-00',	'',	NULL,	'',	NULL,	'',	NULL,	NULL,	'',	'',	NULL,	NULL,	'',	'IJ-00100001',	NULL,	NULL,	1,	NULL,	NULL,	NULL,	NULL,	NULL,	NULL,	NULL,	NULL,	NULL,	NULL,	NULL,	'2025-04-04 08:27:15',	'2025-04-04 08:27:15');

DROP TABLE IF EXISTS `chat_group_members`;
CREATE TABLE `chat_group_members` (
  `id` int unsigned NOT NULL AUTO_INCREMENT,
  `group_id` int unsigned NOT NULL,
  `user_id` int unsigned NOT NULL,
  `created_at` timestamp NULL DEFAULT NULL,
  `updated_at` timestamp NULL DEFAULT NULL,
  PRIMARY KEY (`id`),
  KEY `chat_group_members_user_id_foreign` (`user_id`),
  KEY `chat_group_members_group_id_foreign` (`group_id`),
  CONSTRAINT `chat_group_members_group_id_foreign` FOREIGN KEY (`group_id`) REFERENCES `chat_groups` (`id`),
  CONSTRAINT `chat_group_members_user_id_foreign` FOREIGN KEY (`user_id`) REFERENCES `users` (`id`)
) ENGINE=InnoDB DEFAULT CHARSET=utf8mb4 COLLATE=utf8mb4_unicode_ci;


DROP TABLE IF EXISTS `chat_groups`;
CREATE TABLE `chat_groups` (
  `id` int unsigned NOT NULL AUTO_INCREMENT,
  `group_name` varchar(50) NOT NULL,
  `group_lead` int unsigned DEFAULT NULL,
  `status` int NOT NULL DEFAULT '1',
  `created_by` int unsigned NOT NULL,
  `company_id` int unsigned NOT NULL,
  `created_at` timestamp NULL DEFAULT NULL,
  `updated_at` timestamp NULL DEFAULT NULL,
  PRIMARY KEY (`id`),
  KEY `chat_groups_group_lead_foreign` (`group_lead`),
  KEY `chat_groups_created_by_foreign` (`created_by`),
  KEY `chat_groups_company_id_foreign` (`company_id`),
  CONSTRAINT `chat_groups_company_id_foreign` FOREIGN KEY (`company_id`) REFERENCES `companies` (`id`),
  CONSTRAINT `chat_groups_created_by_foreign` FOREIGN KEY (`created_by`) REFERENCES `users` (`id`),
  CONSTRAINT `chat_groups_group_lead_foreign` FOREIGN KEY (`group_lead`) REFERENCES `users` (`id`)
) ENGINE=InnoDB DEFAULT CHARSET=utf8mb4 COLLATE=utf8mb4_unicode_ci;


DROP TABLE IF EXISTS `cities`;
CREATE TABLE `cities` (
  `id` bigint unsigned NOT NULL AUTO_INCREMENT,
  `state_id` bigint unsigned NOT NULL,
  `name` varchar(255) NOT NULL,
  `status` enum('active','inactive') NOT NULL DEFAULT 'active',
  `created_at` timestamp NOT NULL DEFAULT CURRENT_TIMESTAMP,
  `updated_at` timestamp NOT NULL DEFAULT CURRENT_TIMESTAMP,
  `deleted_at` timestamp NULL DEFAULT NULL,
  PRIMARY KEY (`id`),
  KEY `cities_state_id_foreign` (`state_id`),
  CONSTRAINT `cities_state_id_foreign` FOREIGN KEY (`state_id`) REFERENCES `states` (`id`) ON DELETE CASCADE ON UPDATE CASCADE
) ENGINE=InnoDB DEFAULT CHARSET=utf8mb4 COLLATE=utf8mb4_unicode_ci;


DROP TABLE IF EXISTS `clients`;
CREATE TABLE `clients` (
  `id` int unsigned NOT NULL AUTO_INCREMENT,
  `name` varchar(191) NOT NULL,
  `email` varchar(45) NOT NULL,
  `company_id` int NOT NULL,
  `company_title` varchar(255) DEFAULT NULL,
  `active` tinyint NOT NULL,
  `created_by` int unsigned NOT NULL,
  `updated_by` int unsigned NOT NULL,
  `deleted_at` timestamp NULL DEFAULT NULL,
  `created_at` timestamp NULL DEFAULT NULL,
  `updated_at` timestamp NULL DEFAULT NULL,
  PRIMARY KEY (`id`),
  KEY `clients_created_by_foreign` (`created_by`),
  KEY `clients_updated_by_foreign` (`updated_by`),
  CONSTRAINT `clients_created_by_foreign` FOREIGN KEY (`created_by`) REFERENCES `users` (`id`),
  CONSTRAINT `clients_updated_by_foreign` FOREIGN KEY (`updated_by`) REFERENCES `users` (`id`)
) ENGINE=InnoDB DEFAULT CHARSET=utf8mb4 COLLATE=utf8mb4_unicode_ci;


DROP TABLE IF EXISTS `clients_projects`;
CREATE TABLE `clients_projects` (
  `id` int unsigned NOT NULL AUTO_INCREMENT,
  `project_id` int unsigned NOT NULL,
  `created_by` int unsigned NOT NULL,
  `client_id` int unsigned NOT NULL,
  `created_at` timestamp NULL DEFAULT NULL,
  `updated_at` timestamp NULL DEFAULT NULL,
  PRIMARY KEY (`id`),
  KEY `clients_projects_created_by_foreign` (`created_by`),
  KEY `clients_projects_project_id_foreign` (`project_id`),
  KEY `clients_projects_client_id_foreign` (`client_id`),
  CONSTRAINT `clients_projects_client_id_foreign` FOREIGN KEY (`client_id`) REFERENCES `clients` (`id`),
  CONSTRAINT `clients_projects_created_by_foreign` FOREIGN KEY (`created_by`) REFERENCES `users` (`id`),
  CONSTRAINT `clients_projects_project_id_foreign` FOREIGN KEY (`project_id`) REFERENCES `projects` (`id`)
) ENGINE=InnoDB DEFAULT CHARSET=utf8mb4 COLLATE=utf8mb4_unicode_ci;


DROP TABLE IF EXISTS `companies`;
CREATE TABLE `companies` (
  `id` int unsigned NOT NULL AUTO_INCREMENT,
  `title` varchar(45) DEFAULT NULL,
  `emp_code_format` varchar(10) NOT NULL,
  `company_initial` char(10) NOT NULL,
  `no_of_employee` int NOT NULL DEFAULT '0',
  `super_admin_id` int DEFAULT NULL,
  `logo` varchar(100) DEFAULT NULL,
  `address` varchar(100) DEFAULT NULL,
  `contact_no` varchar(20) DEFAULT NULL,
  `industry_id` int DEFAULT NULL,
  `currency_id` varchar(100) DEFAULT NULL,
  `currency_sign` int NOT NULL DEFAULT '0',
  `start_weekday` int DEFAULT NULL,
  `timezone_id` varchar(100) DEFAULT NULL,
  `theme` varchar(20) DEFAULT NULL,
  `enable_mfa` tinyint NOT NULL DEFAULT '1' COMMENT '1 for disable, 2 for enable',
  `enable_time_tracking` tinyint NOT NULL DEFAULT '1' COMMENT '1 for disable, 2 for enable',
  `enable_time_capture` tinyint NOT NULL DEFAULT '1' COMMENT '1 for disable, 2 for enable',
  `enable_screen_capture` int NOT NULL DEFAULT '1' COMMENT '1 for disable, 2 for enable',
  `screen_capture_limit` int NOT NULL DEFAULT '3',
  `enable_web_app_tracking` tinyint NOT NULL DEFAULT '1' COMMENT '1 for disable, 2 for enable',
  `is_attendance_enabled` tinyint NOT NULL DEFAULT '2' COMMENT '1 for enabled, 2 for disabled',
  `attendance_relaxation_time` varchar(255) NOT NULL DEFAULT '00:00:00',
  `company_wise_web_tracking_enable` tinyint NOT NULL DEFAULT '1',
  `enable_idle_time` tinyint NOT NULL DEFAULT '1' COMMENT '1 for disable, 2 for enable',
  `idle_time_threshold` int NOT NULL DEFAULT '10',
  `idle_default_approval` varchar(40) DEFAULT NULL,
  `screen_capture_duration` int NOT NULL DEFAULT '10',
  `screen_capture_image_size` varchar(255) DEFAULT 'low',
  `theme_json` text,
  `weekdays` varchar(300) NOT NULL DEFAULT '0',
  `date_format` varchar(30) NOT NULL,
  `time_format` int NOT NULL DEFAULT '12',
  `working_hours` int NOT NULL DEFAULT '1',
  `emp_start_no` int NOT NULL DEFAULT '1',
  `emp_code_length` int NOT NULL DEFAULT '2',
  `idle_time_limit` int NOT NULL DEFAULT '5',
  `local_data_storage_limit` time DEFAULT '05:00:00' COMMENT 'If value = Null then value is equal to infinity',
  `user_time_sheet_limit` int NOT NULL DEFAULT '90',
  `created_at` timestamp NULL DEFAULT NULL,
  `updated_at` timestamp NULL DEFAULT NULL,
  `plan_staus` varchar(255) DEFAULT NULL,
  `plan_expiry` timestamp NULL DEFAULT NULL,
  `subscription_id` varchar(255) NOT NULL,
  `plan_id` varchar(255) NOT NULL,
  `has_setup` tinyint(1) NOT NULL DEFAULT '0' COMMENT 'Once user setup the company it will become 1',
  `price_id` varchar(255) DEFAULT NULL,
  `payment_status` varchar(155) DEFAULT NULL,
  `grace_period` int DEFAULT NULL,
  `grace_period_start` timestamp NULL DEFAULT NULL,
  `plan_old_status` varchar(50) DEFAULT NULL,
  `grace_period_start_date` timestamp NULL DEFAULT NULL,
  `company_admin_emails` text,
  `data_deletion` tinyint NOT NULL DEFAULT '1' COMMENT '1 for keep data, 2 for delete data',
  `closure_plan` tinyint NOT NULL DEFAULT '0',
  `grace_period_name` varchar(100) DEFAULT NULL,
  `plan_users` int NOT NULL DEFAULT '0',
  `timelogs_deletion` int NOT NULL DEFAULT '0',
  `snapshot_deletion` int NOT NULL DEFAULT '0',
  `project_archive` int NOT NULL DEFAULT '0',
  `last_company_active` timestamp NULL DEFAULT NULL,
  PRIMARY KEY (`id`)
) ENGINE=InnoDB DEFAULT CHARSET=utf8mb4 COLLATE=utf8mb4_unicode_ci;

INSERT INTO `companies` (`id`, `title`, `emp_code_format`, `company_initial`, `no_of_employee`, `super_admin_id`, `logo`, `address`, `contact_no`, `industry_id`, `currency_id`, `currency_sign`, `start_weekday`, `timezone_id`, `theme`, `enable_mfa`, `enable_time_tracking`, `enable_time_capture`, `enable_screen_capture`, `screen_capture_limit`, `enable_web_app_tracking`, `is_attendance_enabled`, `attendance_relaxation_time`, `company_wise_web_tracking_enable`, `enable_idle_time`, `idle_time_threshold`, `idle_default_approval`, `screen_capture_duration`, `screen_capture_image_size`, `theme_json`, `weekdays`, `date_format`, `time_format`, `working_hours`, `emp_start_no`, `emp_code_length`, `idle_time_limit`, `local_data_storage_limit`, `user_time_sheet_limit`, `created_at`, `updated_at`, `plan_staus`, `plan_expiry`, `subscription_id`, `plan_id`, `has_setup`, `price_id`, `payment_status`, `grace_period`, `grace_period_start`, `plan_old_status`, `grace_period_start_date`, `company_admin_emails`, `data_deletion`, `closure_plan`, `grace_period_name`, `plan_users`, `timelogs_deletion`, `snapshot_deletion`, `project_archive`, `last_company_active`) VALUES
(1196,	'IJ',	'IJ-001',	'ij_1196',	10,	2319,	NULL,	'lk;kl',	'+1',	1,	'US',	0,	NULL,	'Africa/Accra',	'theme-two',	1,	0,	0,	0,	3,	0,	2,	'00:00:00',	1,	0,	10,	'accept',	10,	'medium',	'{\"theme_name\":\"theme-two\",\"primary_color\":\"#FFFFFF\",\"secondary_color\":\"#2892FD\",\"third_color\":\"#2892FD\",\"hover_color\":\"#D4E9FF\"}',	'a:2:{i:0;s:8:\"Saturday\";i:1;s:6:\"Sunday\";}',	'DD-MM-YYYY',	12,	8,	1,	5,	5,	'05:00:00',	90,	'2025-04-04 08:26:28',	'2025-04-04 08:27:14',	'active',	'2025-05-04 08:31:38',	'sub_1RA5ZKGN1EGOh1niO85TFnw2',	'prod_S0tHEySqPm5QY5',	1,	'price_1R6roYGN1EGOh1ni0YOovY3S',	NULL,	NULL,	NULL,	NULL,	NULL,	NULL,	1,	0,	NULL,	0,	0,	0,	0,	NULL);

DROP TABLE IF EXISTS `companies_holidays`;
CREATE TABLE `companies_holidays` (
  `id` bigint unsigned NOT NULL AUTO_INCREMENT,
  `name` varchar(100) DEFAULT NULL,
  `dates` date DEFAULT NULL,
  `year` int NOT NULL DEFAULT '0',
  `created_at` timestamp NOT NULL DEFAULT CURRENT_TIMESTAMP,
  PRIMARY KEY (`id`)
) ENGINE=InnoDB DEFAULT CHARSET=utf8mb4 COLLATE=utf8mb4_unicode_ci;


DROP TABLE IF EXISTS `companies_users`;
CREATE TABLE `companies_users` (
  `id` int unsigned NOT NULL AUTO_INCREMENT,
  `company_id` int unsigned NOT NULL,
  `user_id` int unsigned NOT NULL,
  `profile_id` int unsigned NOT NULL,
  `profile_type` varchar(50) DEFAULT NULL,
  `profile_name` varchar(50) DEFAULT NULL,
  `status` varchar(20) NOT NULL,
  `rate` varchar(255) DEFAULT NULL,
  `bill` varchar(255) DEFAULT NULL,
  `employment_type` varchar(255) DEFAULT NULL,
  `salary_type` varchar(255) DEFAULT NULL,
  `salary` varchar(255) DEFAULT NULL,
  `billable_tracking` varchar(255) DEFAULT NULL,
  `weekly_limit` int DEFAULT NULL,
  `is_deleted` tinyint NOT NULL,
  `allow_tracking` tinyint DEFAULT NULL,
  `web_tracking` tinyint NOT NULL DEFAULT '1',
  `idle_time_tracking` tinyint NOT NULL DEFAULT '1',
  `idle_time_inactive` varchar(10) NOT NULL DEFAULT 'None',
  `idle_time_threshold` int NOT NULL DEFAULT '10',
  `default_approval` varchar(40) DEFAULT NULL,
  `capture_screen` tinyint DEFAULT NULL,
  `screen_capture_duration` int NOT NULL DEFAULT '10',
  `screen_capture_limit` int NOT NULL DEFAULT '3',
  `user_time_sheet_limit` int NOT NULL DEFAULT '90',
  `created_at` timestamp NULL DEFAULT NULL,
  `updated_at` timestamp NULL DEFAULT NULL,
  `is_terminated` tinyint NOT NULL DEFAULT '0',
  `status_comments` varchar(255) DEFAULT NULL,
  `is_employee` tinyint NOT NULL DEFAULT '0',
  `invited_by` varchar(50) NOT NULL,
  `invitation_date` date DEFAULT NULL,
  `blocked_by_super_admin` tinyint NOT NULL DEFAULT '0',
  `manual_time_entry_approval` text,
  `logout_status` int NOT NULL DEFAULT '1',
  PRIMARY KEY (`id`),
  UNIQUE KEY `tag_companyusers_unique` (`user_id`,`company_id`),
  KEY `companies_users_company_id_foreign` (`company_id`),
  KEY `companies_users_profile_id_foreign` (`profile_id`),
  CONSTRAINT `companies_users_company_id_foreign` FOREIGN KEY (`company_id`) REFERENCES `companies` (`id`),
  CONSTRAINT `companies_users_profile_id_foreign` FOREIGN KEY (`profile_id`) REFERENCES `profiles` (`id`),
  CONSTRAINT `companies_users_user_id_foreign` FOREIGN KEY (`user_id`) REFERENCES `users` (`id`)
) ENGINE=InnoDB DEFAULT CHARSET=utf8mb4 COLLATE=utf8mb4_unicode_ci;

INSERT INTO `companies_users` (`id`, `company_id`, `user_id`, `profile_id`, `profile_type`, `profile_name`, `status`, `rate`, `bill`, `employment_type`, `salary_type`, `salary`, `billable_tracking`, `weekly_limit`, `is_deleted`, `allow_tracking`, `web_tracking`, `idle_time_tracking`, `idle_time_inactive`, `idle_time_threshold`, `default_approval`, `capture_screen`, `screen_capture_duration`, `screen_capture_limit`, `user_time_sheet_limit`, `created_at`, `updated_at`, `is_terminated`, `status_comments`, `is_employee`, `invited_by`, `invitation_date`, `blocked_by_super_admin`, `manual_time_entry_approval`, `logout_status`) VALUES
(1,	1196,	2319,	1,	'Owner',	'Owner',	'active',	NULL,	NULL,	NULL,	NULL,	NULL,	NULL,	NULL,	0,	1,	0,	1,	'None',	10,	'accept',	1,	10,	1,	90,	'2025-04-04 08:26:32',	'2025-04-04 08:27:14',	0,	NULL,	1,	'',	NULL,	0,	NULL,	1);

DROP TABLE IF EXISTS `countries`;
CREATE TABLE `countries` (
  `id` bigint unsigned NOT NULL AUTO_INCREMENT,
  `name` varchar(255) NOT NULL,
  `status` enum('active','inactive') NOT NULL DEFAULT 'active',
  `created_at` timestamp NOT NULL DEFAULT CURRENT_TIMESTAMP,
  `updated_at` timestamp NOT NULL DEFAULT CURRENT_TIMESTAMP,
  `deleted_at` timestamp NULL DEFAULT NULL,
  PRIMARY KEY (`id`)
) ENGINE=InnoDB DEFAULT CHARSET=utf8mb4 COLLATE=utf8mb4_unicode_ci;

INSERT INTO `countries` (`id`, `name`, `status`, `created_at`, `updated_at`, `deleted_at`) VALUES
(1,	'afghanistan',	'active',	'2025-04-04 08:26:28',	'2025-04-04 08:26:28',	NULL),
(2,	'albania',	'active',	'2025-04-04 08:26:28',	'2025-04-04 08:26:28',	NULL),
(3,	'algeria',	'active',	'2025-04-04 08:26:28',	'2025-04-04 08:26:28',	NULL),
(4,	'american samoa',	'active',	'2025-04-04 08:26:28',	'2025-04-04 08:26:28',	NULL),
(5,	'andorra',	'active',	'2025-04-04 08:26:28',	'2025-04-04 08:26:28',	NULL),
(6,	'angola',	'active',	'2025-04-04 08:26:28',	'2025-04-04 08:26:28',	NULL),
(7,	'anguilla',	'active',	'2025-04-04 08:26:28',	'2025-04-04 08:26:28',	NULL),
(8,	'antarctica',	'active',	'2025-04-04 08:26:28',	'2025-04-04 08:26:28',	NULL),
(9,	'antigua and barbuda',	'active',	'2025-04-04 08:26:28',	'2025-04-04 08:26:28',	NULL),
(10,	'argentina',	'active',	'2025-04-04 08:26:28',	'2025-04-04 08:26:28',	NULL),
(11,	'armenia',	'active',	'2025-04-04 08:26:28',	'2025-04-04 08:26:28',	NULL),
(12,	'aruba',	'active',	'2025-04-04 08:26:28',	'2025-04-04 08:26:28',	NULL),
(13,	'australia',	'active',	'2025-04-04 08:26:28',	'2025-04-04 08:26:28',	NULL),
(14,	'austria',	'active',	'2025-04-04 08:26:28',	'2025-04-04 08:26:28',	NULL),
(15,	'azerbaijan',	'active',	'2025-04-04 08:26:28',	'2025-04-04 08:26:28',	NULL),
(16,	'bahamas the',	'active',	'2025-04-04 08:26:28',	'2025-04-04 08:26:28',	NULL),
(17,	'bahrain',	'active',	'2025-04-04 08:26:28',	'2025-04-04 08:26:28',	NULL),
(18,	'bangladesh',	'active',	'2025-04-04 08:26:28',	'2025-04-04 08:26:28',	NULL),
(19,	'barbados',	'active',	'2025-04-04 08:26:28',	'2025-04-04 08:26:28',	NULL),
(20,	'belarus',	'active',	'2025-04-04 08:26:28',	'2025-04-04 08:26:28',	NULL),
(21,	'belgium',	'active',	'2025-04-04 08:26:28',	'2025-04-04 08:26:28',	NULL),
(22,	'belize',	'active',	'2025-04-04 08:26:28',	'2025-04-04 08:26:28',	NULL),
(23,	'benin',	'active',	'2025-04-04 08:26:28',	'2025-04-04 08:26:28',	NULL),
(24,	'bermuda',	'active',	'2025-04-04 08:26:28',	'2025-04-04 08:26:28',	NULL),
(25,	'bhutan',	'active',	'2025-04-04 08:26:28',	'2025-04-04 08:26:28',	NULL),
(26,	'bolivia',	'active',	'2025-04-04 08:26:28',	'2025-04-04 08:26:28',	NULL),
(27,	'bosnia and herzegovina',	'active',	'2025-04-04 08:26:28',	'2025-04-04 08:26:28',	NULL),
(28,	'botswana',	'active',	'2025-04-04 08:26:28',	'2025-04-04 08:26:28',	NULL),
(29,	'bouvet island',	'active',	'2025-04-04 08:26:28',	'2025-04-04 08:26:28',	NULL),
(30,	'brazil',	'active',	'2025-04-04 08:26:28',	'2025-04-04 08:26:28',	NULL),
(31,	'british indian ocean territory',	'active',	'2025-04-04 08:26:28',	'2025-04-04 08:26:28',	NULL),
(32,	'brunei',	'active',	'2025-04-04 08:26:28',	'2025-04-04 08:26:28',	NULL),
(33,	'bulgaria',	'active',	'2025-04-04 08:26:28',	'2025-04-04 08:26:28',	NULL),
(34,	'burkina faso',	'active',	'2025-04-04 08:26:28',	'2025-04-04 08:26:28',	NULL),
(35,	'burundi',	'active',	'2025-04-04 08:26:28',	'2025-04-04 08:26:28',	NULL),
(36,	'cambodia',	'active',	'2025-04-04 08:26:28',	'2025-04-04 08:26:28',	NULL),
(37,	'cameroon',	'active',	'2025-04-04 08:26:28',	'2025-04-04 08:26:28',	NULL),
(38,	'canada',	'active',	'2025-04-04 08:26:28',	'2025-04-04 08:26:28',	NULL),
(39,	'cape verde',	'active',	'2025-04-04 08:26:28',	'2025-04-04 08:26:28',	NULL),
(40,	'cayman islands',	'active',	'2025-04-04 08:26:28',	'2025-04-04 08:26:28',	NULL),
(41,	'central african republic',	'active',	'2025-04-04 08:26:28',	'2025-04-04 08:26:28',	NULL),
(42,	'chad',	'active',	'2025-04-04 08:26:28',	'2025-04-04 08:26:28',	NULL),
(43,	'chile',	'active',	'2025-04-04 08:26:28',	'2025-04-04 08:26:28',	NULL),
(44,	'china',	'active',	'2025-04-04 08:26:28',	'2025-04-04 08:26:28',	NULL),
(45,	'christmas island',	'active',	'2025-04-04 08:26:28',	'2025-04-04 08:26:28',	NULL),
(46,	'cocos (keeling) islands',	'active',	'2025-04-04 08:26:28',	'2025-04-04 08:26:28',	NULL),
(47,	'colombia',	'active',	'2025-04-04 08:26:28',	'2025-04-04 08:26:28',	NULL),
(48,	'comoros',	'active',	'2025-04-04 08:26:28',	'2025-04-04 08:26:28',	NULL),
(49,	'congo',	'active',	'2025-04-04 08:26:28',	'2025-04-04 08:26:28',	NULL),
(50,	'congo the democratic republic of the',	'active',	'2025-04-04 08:26:28',	'2025-04-04 08:26:28',	NULL),
(51,	'cook islands',	'active',	'2025-04-04 08:26:28',	'2025-04-04 08:26:28',	NULL),
(52,	'costa rica',	'active',	'2025-04-04 08:26:28',	'2025-04-04 08:26:28',	NULL),
(53,	'cote d\'ivoire (ivory coast)',	'active',	'2025-04-04 08:26:28',	'2025-04-04 08:26:28',	NULL),
(54,	'croatia (hrvatska)',	'active',	'2025-04-04 08:26:28',	'2025-04-04 08:26:28',	NULL),
(55,	'cuba',	'active',	'2025-04-04 08:26:28',	'2025-04-04 08:26:28',	NULL),
(56,	'cyprus',	'active',	'2025-04-04 08:26:28',	'2025-04-04 08:26:28',	NULL),
(57,	'czech republic',	'active',	'2025-04-04 08:26:28',	'2025-04-04 08:26:28',	NULL),
(58,	'denmark',	'active',	'2025-04-04 08:26:28',	'2025-04-04 08:26:28',	NULL),
(59,	'djibouti',	'active',	'2025-04-04 08:26:28',	'2025-04-04 08:26:28',	NULL),
(60,	'dominica',	'active',	'2025-04-04 08:26:28',	'2025-04-04 08:26:28',	NULL),
(61,	'dominican republic',	'active',	'2025-04-04 08:26:28',	'2025-04-04 08:26:28',	NULL),
(62,	'east timor',	'active',	'2025-04-04 08:26:28',	'2025-04-04 08:26:28',	NULL),
(63,	'ecuador',	'active',	'2025-04-04 08:26:28',	'2025-04-04 08:26:28',	NULL),
(64,	'egypt',	'active',	'2025-04-04 08:26:28',	'2025-04-04 08:26:28',	NULL),
(65,	'el salvador',	'active',	'2025-04-04 08:26:28',	'2025-04-04 08:26:28',	NULL),
(66,	'equatorial guinea',	'active',	'2025-04-04 08:26:28',	'2025-04-04 08:26:28',	NULL),
(67,	'eritrea',	'active',	'2025-04-04 08:26:28',	'2025-04-04 08:26:28',	NULL),
(68,	'estonia',	'active',	'2025-04-04 08:26:28',	'2025-04-04 08:26:28',	NULL),
(69,	'ethiopia',	'active',	'2025-04-04 08:26:28',	'2025-04-04 08:26:28',	NULL),
(70,	'external territories of australia',	'active',	'2025-04-04 08:26:28',	'2025-04-04 08:26:28',	NULL),
(71,	'falkland islands',	'active',	'2025-04-04 08:26:28',	'2025-04-04 08:26:28',	NULL),
(72,	'faroe islands',	'active',	'2025-04-04 08:26:28',	'2025-04-04 08:26:28',	NULL),
(73,	'fiji islands',	'active',	'2025-04-04 08:26:28',	'2025-04-04 08:26:28',	NULL),
(74,	'finland',	'active',	'2025-04-04 08:26:28',	'2025-04-04 08:26:28',	NULL),
(75,	'france',	'active',	'2025-04-04 08:26:28',	'2025-04-04 08:26:28',	NULL),
(76,	'french guiana',	'active',	'2025-04-04 08:26:28',	'2025-04-04 08:26:28',	NULL),
(77,	'french polynesia',	'active',	'2025-04-04 08:26:28',	'2025-04-04 08:26:28',	NULL),
(78,	'french southern territories',	'active',	'2025-04-04 08:26:28',	'2025-04-04 08:26:28',	NULL),
(79,	'gabon',	'active',	'2025-04-04 08:26:28',	'2025-04-04 08:26:28',	NULL),
(80,	'gambia the',	'active',	'2025-04-04 08:26:28',	'2025-04-04 08:26:28',	NULL),
(81,	'georgia',	'active',	'2025-04-04 08:26:28',	'2025-04-04 08:26:28',	NULL),
(82,	'germany',	'active',	'2025-04-04 08:26:28',	'2025-04-04 08:26:28',	NULL),
(83,	'ghana',	'active',	'2025-04-04 08:26:28',	'2025-04-04 08:26:28',	NULL),
(84,	'gibraltar',	'active',	'2025-04-04 08:26:28',	'2025-04-04 08:26:28',	NULL),
(85,	'greece',	'active',	'2025-04-04 08:26:28',	'2025-04-04 08:26:28',	NULL),
(86,	'greenland',	'active',	'2025-04-04 08:26:28',	'2025-04-04 08:26:28',	NULL),
(87,	'grenada',	'active',	'2025-04-04 08:26:28',	'2025-04-04 08:26:28',	NULL),
(88,	'guadeloupe',	'active',	'2025-04-04 08:26:28',	'2025-04-04 08:26:28',	NULL),
(89,	'guam',	'active',	'2025-04-04 08:26:28',	'2025-04-04 08:26:28',	NULL),
(90,	'guatemala',	'active',	'2025-04-04 08:26:28',	'2025-04-04 08:26:28',	NULL),
(91,	'guernsey and alderney',	'active',	'2025-04-04 08:26:28',	'2025-04-04 08:26:28',	NULL),
(92,	'guinea',	'active',	'2025-04-04 08:26:28',	'2025-04-04 08:26:28',	NULL),
(93,	'guinea-bissau',	'active',	'2025-04-04 08:26:28',	'2025-04-04 08:26:28',	NULL),
(94,	'guyana',	'active',	'2025-04-04 08:26:28',	'2025-04-04 08:26:28',	NULL),
(95,	'haiti',	'active',	'2025-04-04 08:26:28',	'2025-04-04 08:26:28',	NULL),
(96,	'heard and mcdonald islands',	'active',	'2025-04-04 08:26:28',	'2025-04-04 08:26:28',	NULL),
(97,	'honduras',	'active',	'2025-04-04 08:26:28',	'2025-04-04 08:26:28',	NULL),
(98,	'hong kong s.a.r.',	'active',	'2025-04-04 08:26:28',	'2025-04-04 08:26:28',	NULL),
(99,	'hungary',	'active',	'2025-04-04 08:26:28',	'2025-04-04 08:26:28',	NULL),
(100,	'iceland',	'active',	'2025-04-04 08:26:28',	'2025-04-04 08:26:28',	NULL),
(101,	'india',	'active',	'2025-04-04 08:26:28',	'2025-04-04 08:26:28',	NULL),
(102,	'indonesia',	'active',	'2025-04-04 08:26:28',	'2025-04-04 08:26:28',	NULL),
(103,	'iran',	'active',	'2025-04-04 08:26:28',	'2025-04-04 08:26:28',	NULL),
(104,	'iraq',	'active',	'2025-04-04 08:26:28',	'2025-04-04 08:26:28',	NULL),
(105,	'ireland',	'active',	'2025-04-04 08:26:28',	'2025-04-04 08:26:28',	NULL),
(106,	'israel',	'active',	'2025-04-04 08:26:28',	'2025-04-04 08:26:28',	NULL),
(107,	'italy',	'active',	'2025-04-04 08:26:28',	'2025-04-04 08:26:28',	NULL),
(108,	'jamaica',	'active',	'2025-04-04 08:26:28',	'2025-04-04 08:26:28',	NULL),
(109,	'japan',	'active',	'2025-04-04 08:26:28',	'2025-04-04 08:26:28',	NULL),
(110,	'jersey',	'active',	'2025-04-04 08:26:28',	'2025-04-04 08:26:28',	NULL),
(111,	'jordan',	'active',	'2025-04-04 08:26:28',	'2025-04-04 08:26:28',	NULL),
(112,	'kazakhstan',	'active',	'2025-04-04 08:26:28',	'2025-04-04 08:26:28',	NULL),
(113,	'kenya',	'active',	'2025-04-04 08:26:28',	'2025-04-04 08:26:28',	NULL),
(114,	'kiribati',	'active',	'2025-04-04 08:26:28',	'2025-04-04 08:26:28',	NULL),
(115,	'korea north',	'active',	'2025-04-04 08:26:28',	'2025-04-04 08:26:28',	NULL),
(116,	'korea south',	'active',	'2025-04-04 08:26:28',	'2025-04-04 08:26:28',	NULL),
(117,	'kuwait',	'active',	'2025-04-04 08:26:28',	'2025-04-04 08:26:28',	NULL),
(118,	'kyrgyzstan',	'active',	'2025-04-04 08:26:28',	'2025-04-04 08:26:28',	NULL),
(119,	'laos',	'active',	'2025-04-04 08:26:28',	'2025-04-04 08:26:28',	NULL),
(120,	'latvia',	'active',	'2025-04-04 08:26:28',	'2025-04-04 08:26:28',	NULL),
(121,	'lebanon',	'active',	'2025-04-04 08:26:28',	'2025-04-04 08:26:28',	NULL),
(122,	'lesotho',	'active',	'2025-04-04 08:26:28',	'2025-04-04 08:26:28',	NULL),
(123,	'liberia',	'active',	'2025-04-04 08:26:28',	'2025-04-04 08:26:28',	NULL),
(124,	'libya',	'active',	'2025-04-04 08:26:28',	'2025-04-04 08:26:28',	NULL),
(125,	'liechtenstein',	'active',	'2025-04-04 08:26:28',	'2025-04-04 08:26:28',	NULL),
(126,	'lithuania',	'active',	'2025-04-04 08:26:28',	'2025-04-04 08:26:28',	NULL),
(127,	'luxembourg',	'active',	'2025-04-04 08:26:28',	'2025-04-04 08:26:28',	NULL),
(128,	'macau s.a.r.',	'active',	'2025-04-04 08:26:28',	'2025-04-04 08:26:28',	NULL),
(129,	'macedonia',	'active',	'2025-04-04 08:26:28',	'2025-04-04 08:26:28',	NULL),
(130,	'madagascar',	'active',	'2025-04-04 08:26:28',	'2025-04-04 08:26:28',	NULL),
(131,	'malawi',	'active',	'2025-04-04 08:26:28',	'2025-04-04 08:26:28',	NULL),
(132,	'malaysia',	'active',	'2025-04-04 08:26:28',	'2025-04-04 08:26:28',	NULL),
(133,	'maldives',	'active',	'2025-04-04 08:26:28',	'2025-04-04 08:26:28',	NULL),
(134,	'mali',	'active',	'2025-04-04 08:26:28',	'2025-04-04 08:26:28',	NULL),
(135,	'malta',	'active',	'2025-04-04 08:26:28',	'2025-04-04 08:26:28',	NULL),
(136,	'man (isle of)',	'active',	'2025-04-04 08:26:28',	'2025-04-04 08:26:28',	NULL),
(137,	'marshall islands',	'active',	'2025-04-04 08:26:28',	'2025-04-04 08:26:28',	NULL),
(138,	'martinique',	'active',	'2025-04-04 08:26:28',	'2025-04-04 08:26:28',	NULL),
(139,	'mauritania',	'active',	'2025-04-04 08:26:28',	'2025-04-04 08:26:28',	NULL),
(140,	'mauritius',	'active',	'2025-04-04 08:26:28',	'2025-04-04 08:26:28',	NULL),
(141,	'mayotte',	'active',	'2025-04-04 08:26:28',	'2025-04-04 08:26:28',	NULL),
(142,	'mexico',	'active',	'2025-04-04 08:26:28',	'2025-04-04 08:26:28',	NULL),
(143,	'micronesia',	'active',	'2025-04-04 08:26:28',	'2025-04-04 08:26:28',	NULL),
(144,	'moldova',	'active',	'2025-04-04 08:26:28',	'2025-04-04 08:26:28',	NULL),
(145,	'monaco',	'active',	'2025-04-04 08:26:28',	'2025-04-04 08:26:28',	NULL),
(146,	'mongolia',	'active',	'2025-04-04 08:26:28',	'2025-04-04 08:26:28',	NULL),
(147,	'montserrat',	'active',	'2025-04-04 08:26:28',	'2025-04-04 08:26:28',	NULL),
(148,	'morocco',	'active',	'2025-04-04 08:26:28',	'2025-04-04 08:26:28',	NULL),
(149,	'mozambique',	'active',	'2025-04-04 08:26:28',	'2025-04-04 08:26:28',	NULL),
(150,	'myanmar',	'active',	'2025-04-04 08:26:28',	'2025-04-04 08:26:28',	NULL),
(151,	'namibia',	'active',	'2025-04-04 08:26:28',	'2025-04-04 08:26:28',	NULL),
(152,	'nauru',	'active',	'2025-04-04 08:26:28',	'2025-04-04 08:26:28',	NULL),
(153,	'nepal',	'active',	'2025-04-04 08:26:28',	'2025-04-04 08:26:28',	NULL),
(154,	'netherlands antilles',	'active',	'2025-04-04 08:26:28',	'2025-04-04 08:26:28',	NULL),
(155,	'netherlands the',	'active',	'2025-04-04 08:26:28',	'2025-04-04 08:26:28',	NULL),
(156,	'new caledonia',	'active',	'2025-04-04 08:26:28',	'2025-04-04 08:26:28',	NULL),
(157,	'new zealand',	'active',	'2025-04-04 08:26:28',	'2025-04-04 08:26:28',	NULL),
(158,	'nicaragua',	'active',	'2025-04-04 08:26:28',	'2025-04-04 08:26:28',	NULL),
(159,	'niger',	'active',	'2025-04-04 08:26:28',	'2025-04-04 08:26:28',	NULL),
(160,	'nigeria',	'active',	'2025-04-04 08:26:28',	'2025-04-04 08:26:28',	NULL),
(161,	'niue',	'active',	'2025-04-04 08:26:28',	'2025-04-04 08:26:28',	NULL),
(162,	'norfolk island',	'active',	'2025-04-04 08:26:28',	'2025-04-04 08:26:28',	NULL),
(163,	'northern mariana islands',	'active',	'2025-04-04 08:26:28',	'2025-04-04 08:26:28',	NULL),
(164,	'norway',	'active',	'2025-04-04 08:26:28',	'2025-04-04 08:26:28',	NULL),
(165,	'oman',	'active',	'2025-04-04 08:26:28',	'2025-04-04 08:26:28',	NULL),
(166,	'pakistan',	'active',	'2025-04-04 08:26:28',	'2025-04-04 08:26:28',	NULL),
(167,	'palau',	'active',	'2025-04-04 08:26:28',	'2025-04-04 08:26:28',	NULL),
(168,	'palestinian territory occupied',	'active',	'2025-04-04 08:26:28',	'2025-04-04 08:26:28',	NULL),
(169,	'panama',	'active',	'2025-04-04 08:26:28',	'2025-04-04 08:26:28',	NULL),
(170,	'papua new guinea',	'active',	'2025-04-04 08:26:28',	'2025-04-04 08:26:28',	NULL),
(171,	'paraguay',	'active',	'2025-04-04 08:26:28',	'2025-04-04 08:26:28',	NULL),
(172,	'peru',	'active',	'2025-04-04 08:26:28',	'2025-04-04 08:26:28',	NULL),
(173,	'philippines',	'active',	'2025-04-04 08:26:28',	'2025-04-04 08:26:28',	NULL),
(174,	'pitcairn island',	'active',	'2025-04-04 08:26:28',	'2025-04-04 08:26:28',	NULL),
(175,	'poland',	'active',	'2025-04-04 08:26:28',	'2025-04-04 08:26:28',	NULL),
(176,	'portugal',	'active',	'2025-04-04 08:26:28',	'2025-04-04 08:26:28',	NULL),
(177,	'puerto rico',	'active',	'2025-04-04 08:26:28',	'2025-04-04 08:26:28',	NULL),
(178,	'qatar',	'active',	'2025-04-04 08:26:28',	'2025-04-04 08:26:28',	NULL),
(179,	'reunion',	'active',	'2025-04-04 08:26:28',	'2025-04-04 08:26:28',	NULL),
(180,	'romania',	'active',	'2025-04-04 08:26:28',	'2025-04-04 08:26:28',	NULL),
(181,	'russia',	'active',	'2025-04-04 08:26:28',	'2025-04-04 08:26:28',	NULL),
(182,	'rwanda',	'active',	'2025-04-04 08:26:28',	'2025-04-04 08:26:28',	NULL),
(183,	'saint helena',	'active',	'2025-04-04 08:26:28',	'2025-04-04 08:26:28',	NULL),
(184,	'saint kitts and nevis',	'active',	'2025-04-04 08:26:28',	'2025-04-04 08:26:28',	NULL),
(185,	'saint lucia',	'active',	'2025-04-04 08:26:28',	'2025-04-04 08:26:28',	NULL),
(186,	'saint pierre and miquelon',	'active',	'2025-04-04 08:26:28',	'2025-04-04 08:26:28',	NULL),
(187,	'saint vincent and the grenadines',	'active',	'2025-04-04 08:26:28',	'2025-04-04 08:26:28',	NULL),
(188,	'samoa',	'active',	'2025-04-04 08:26:28',	'2025-04-04 08:26:28',	NULL),
(189,	'san marino',	'active',	'2025-04-04 08:26:28',	'2025-04-04 08:26:28',	NULL),
(190,	'sao tome and principe',	'active',	'2025-04-04 08:26:28',	'2025-04-04 08:26:28',	NULL),
(191,	'saudi arabia',	'active',	'2025-04-04 08:26:28',	'2025-04-04 08:26:28',	NULL),
(192,	'senegal',	'active',	'2025-04-04 08:26:28',	'2025-04-04 08:26:28',	NULL),
(193,	'serbia',	'active',	'2025-04-04 08:26:28',	'2025-04-04 08:26:28',	NULL),
(194,	'seychelles',	'active',	'2025-04-04 08:26:28',	'2025-04-04 08:26:28',	NULL),
(195,	'sierra leone',	'active',	'2025-04-04 08:26:28',	'2025-04-04 08:26:28',	NULL),
(196,	'singapore',	'active',	'2025-04-04 08:26:28',	'2025-04-04 08:26:28',	NULL),
(197,	'slovakia',	'active',	'2025-04-04 08:26:28',	'2025-04-04 08:26:28',	NULL),
(198,	'slovenia',	'active',	'2025-04-04 08:26:28',	'2025-04-04 08:26:28',	NULL),
(199,	'smaller territories of the uk',	'active',	'2025-04-04 08:26:28',	'2025-04-04 08:26:28',	NULL),
(200,	'solomon islands',	'active',	'2025-04-04 08:26:28',	'2025-04-04 08:26:28',	NULL),
(201,	'somalia',	'active',	'2025-04-04 08:26:28',	'2025-04-04 08:26:28',	NULL),
(202,	'south africa',	'active',	'2025-04-04 08:26:28',	'2025-04-04 08:26:28',	NULL),
(203,	'south georgia',	'active',	'2025-04-04 08:26:28',	'2025-04-04 08:26:28',	NULL),
(204,	'south sudan',	'active',	'2025-04-04 08:26:28',	'2025-04-04 08:26:28',	NULL),
(205,	'spain',	'active',	'2025-04-04 08:26:28',	'2025-04-04 08:26:28',	NULL),
(206,	'sri lanka',	'active',	'2025-04-04 08:26:28',	'2025-04-04 08:26:28',	NULL),
(207,	'sudan',	'active',	'2025-04-04 08:26:28',	'2025-04-04 08:26:28',	NULL),
(208,	'suriname',	'active',	'2025-04-04 08:26:28',	'2025-04-04 08:26:28',	NULL),
(209,	'svalbard and jan mayen islands',	'active',	'2025-04-04 08:26:28',	'2025-04-04 08:26:28',	NULL),
(210,	'swaziland',	'active',	'2025-04-04 08:26:28',	'2025-04-04 08:26:28',	NULL),
(211,	'sweden',	'active',	'2025-04-04 08:26:28',	'2025-04-04 08:26:28',	NULL),
(212,	'switzerland',	'active',	'2025-04-04 08:26:28',	'2025-04-04 08:26:28',	NULL),
(213,	'syria',	'active',	'2025-04-04 08:26:28',	'2025-04-04 08:26:28',	NULL),
(214,	'taiwan',	'active',	'2025-04-04 08:26:28',	'2025-04-04 08:26:28',	NULL),
(215,	'tajikistan',	'active',	'2025-04-04 08:26:28',	'2025-04-04 08:26:28',	NULL),
(216,	'tanzania',	'active',	'2025-04-04 08:26:28',	'2025-04-04 08:26:28',	NULL),
(217,	'thailand',	'active',	'2025-04-04 08:26:28',	'2025-04-04 08:26:28',	NULL),
(218,	'togo',	'active',	'2025-04-04 08:26:28',	'2025-04-04 08:26:28',	NULL),
(219,	'tokelau',	'active',	'2025-04-04 08:26:28',	'2025-04-04 08:26:28',	NULL),
(220,	'tonga',	'active',	'2025-04-04 08:26:28',	'2025-04-04 08:26:28',	NULL),
(221,	'trinidad and tobago',	'active',	'2025-04-04 08:26:28',	'2025-04-04 08:26:28',	NULL),
(222,	'tunisia',	'active',	'2025-04-04 08:26:28',	'2025-04-04 08:26:28',	NULL),
(223,	'turkey',	'active',	'2025-04-04 08:26:28',	'2025-04-04 08:26:28',	NULL),
(224,	'turkmenistan',	'active',	'2025-04-04 08:26:28',	'2025-04-04 08:26:28',	NULL),
(225,	'turks and caicos islands',	'active',	'2025-04-04 08:26:28',	'2025-04-04 08:26:28',	NULL),
(226,	'tuvalu',	'active',	'2025-04-04 08:26:28',	'2025-04-04 08:26:28',	NULL),
(227,	'uganda',	'active',	'2025-04-04 08:26:28',	'2025-04-04 08:26:28',	NULL),
(228,	'ukraine',	'active',	'2025-04-04 08:26:28',	'2025-04-04 08:26:28',	NULL),
(229,	'united arab emirates',	'active',	'2025-04-04 08:26:28',	'2025-04-04 08:26:28',	NULL),
(230,	'united kingdom',	'active',	'2025-04-04 08:26:28',	'2025-04-04 08:26:28',	NULL),
(231,	'united states',	'active',	'2025-04-04 08:26:28',	'2025-04-04 08:26:28',	NULL),
(232,	'united states minor outlying islands',	'active',	'2025-04-04 08:26:28',	'2025-04-04 08:26:28',	NULL),
(233,	'uruguay',	'active',	'2025-04-04 08:26:28',	'2025-04-04 08:26:28',	NULL),
(234,	'uzbekistan',	'active',	'2025-04-04 08:26:28',	'2025-04-04 08:26:28',	NULL),
(235,	'vanuatu',	'active',	'2025-04-04 08:26:28',	'2025-04-04 08:26:28',	NULL),
(236,	'vatican city state (holy see)',	'active',	'2025-04-04 08:26:28',	'2025-04-04 08:26:28',	NULL),
(237,	'venezuela',	'active',	'2025-04-04 08:26:28',	'2025-04-04 08:26:28',	NULL),
(238,	'vietnam',	'active',	'2025-04-04 08:26:28',	'2025-04-04 08:26:28',	NULL),
(239,	'virgin islands (british)',	'active',	'2025-04-04 08:26:28',	'2025-04-04 08:26:28',	NULL),
(240,	'virgin islands (us)',	'active',	'2025-04-04 08:26:28',	'2025-04-04 08:26:28',	NULL),
(241,	'wallis and futuna islands',	'active',	'2025-04-04 08:26:28',	'2025-04-04 08:26:28',	NULL),
(242,	'western sahara',	'active',	'2025-04-04 08:26:28',	'2025-04-04 08:26:28',	NULL),
(243,	'yemen',	'active',	'2025-04-04 08:26:28',	'2025-04-04 08:26:28',	NULL),
(244,	'yugoslavia',	'active',	'2025-04-04 08:26:28',	'2025-04-04 08:26:28',	NULL),
(245,	'zambia',	'active',	'2025-04-04 08:26:28',	'2025-04-04 08:26:28',	NULL),
(246,	'zimbabwe',	'active',	'2025-04-04 08:26:28',	'2025-04-04 08:26:28',	NULL);

DROP TABLE IF EXISTS `course_articles`;
CREATE TABLE `course_articles` (
  `id` int unsigned NOT NULL AUTO_INCREMENT,
  `article_id` int unsigned DEFAULT NULL,
  `quiz_id` int unsigned DEFAULT NULL,
  `course_id` int unsigned NOT NULL,
  `article_order` int unsigned NOT NULL,
  `created_at` timestamp NULL DEFAULT NULL,
  `updated_at` timestamp NULL DEFAULT NULL,
  PRIMARY KEY (`id`),
  KEY `course_articles_article_id_foreign` (`article_id`),
  KEY `course_articles_quiz_id_foreign` (`quiz_id`),
  KEY `course_articles_course_id_foreign` (`course_id`),
  CONSTRAINT `course_articles_article_id_foreign` FOREIGN KEY (`article_id`) REFERENCES `articles` (`id`),
  CONSTRAINT `course_articles_course_id_foreign` FOREIGN KEY (`course_id`) REFERENCES `courses` (`id`),
  CONSTRAINT `course_articles_quiz_id_foreign` FOREIGN KEY (`quiz_id`) REFERENCES `quizzes` (`id`)
) ENGINE=InnoDB DEFAULT CHARSET=utf8mb4 COLLATE=utf8mb4_unicode_ci;


DROP TABLE IF EXISTS `course_groups`;
CREATE TABLE `course_groups` (
  `id` bigint unsigned NOT NULL AUTO_INCREMENT,
  `course_id` int unsigned NOT NULL,
  `group_id` int unsigned NOT NULL,
  `created_at` timestamp NULL DEFAULT NULL,
  `updated_at` timestamp NULL DEFAULT NULL,
  PRIMARY KEY (`id`),
  KEY `course_groups_course_id_foreign` (`course_id`),
  KEY `course_groups_group_id_foreign` (`group_id`),
  CONSTRAINT `course_groups_course_id_foreign` FOREIGN KEY (`course_id`) REFERENCES `courses` (`id`),
  CONSTRAINT `course_groups_group_id_foreign` FOREIGN KEY (`group_id`) REFERENCES `groups` (`id`)
) ENGINE=InnoDB DEFAULT CHARSET=utf8mb4 COLLATE=utf8mb4_unicode_ci;


DROP TABLE IF EXISTS `courses`;
CREATE TABLE `courses` (
  `id` int unsigned NOT NULL AUTO_INCREMENT,
  `department_id` int DEFAULT NULL,
  `title` varchar(150) NOT NULL,
  `description` text NOT NULL,
  `created_by` int unsigned NOT NULL,
  `due_date` varchar(255) NOT NULL,
  `force_order` varchar(255) NOT NULL DEFAULT '0',
  `completion` varchar(255) NOT NULL DEFAULT '0',
  `company_id` int unsigned NOT NULL,
  `is_published` int NOT NULL DEFAULT '0',
  `status` varchar(15) NOT NULL,
  `hours` int DEFAULT NULL,
  `minutes` int DEFAULT NULL,
  `is_deleted` int NOT NULL DEFAULT '0',
  `created_at` timestamp NULL DEFAULT NULL,
  `updated_at` timestamp NULL DEFAULT NULL,
  PRIMARY KEY (`id`),
  KEY `courses_created_by_foreign` (`created_by`),
  KEY `courses_company_id_foreign` (`company_id`),
  CONSTRAINT `courses_company_id_foreign` FOREIGN KEY (`company_id`) REFERENCES `companies` (`id`),
  CONSTRAINT `courses_created_by_foreign` FOREIGN KEY (`created_by`) REFERENCES `users` (`id`)
) ENGINE=InnoDB DEFAULT CHARSET=utf8mb4 COLLATE=utf8mb4_unicode_ci;


DROP TABLE IF EXISTS `currencies`;
CREATE TABLE `currencies` (
  `c_id` int unsigned NOT NULL AUTO_INCREMENT,
  `name` varchar(255) NOT NULL,
  `symbol` varchar(255) NOT NULL,
  `deleted_at` timestamp NOT NULL,
  `created_at` timestamp NULL DEFAULT NULL,
  `updated_at` timestamp NULL DEFAULT NULL,
  PRIMARY KEY (`c_id`)
) ENGINE=InnoDB DEFAULT CHARSET=utf8mb4 COLLATE=utf8mb4_unicode_ci;


DROP TABLE IF EXISTS `departments`;
CREATE TABLE `departments` (
  `id` int unsigned NOT NULL AUTO_INCREMENT,
  `department_name` varchar(255) NOT NULL,
  `company_id` int unsigned NOT NULL,
  `created_by` int unsigned NOT NULL,
  `status` tinyint NOT NULL DEFAULT '1',
  `training_manager_id` int DEFAULT NULL,
  `department_manager_id` int DEFAULT NULL,
  `created_at` timestamp NULL DEFAULT NULL,
  `updated_at` timestamp NULL DEFAULT NULL,
  `deleted_at` timestamp NULL DEFAULT NULL,
  PRIMARY KEY (`id`),
  KEY `departments_company_id_foreign` (`company_id`),
  KEY `departments_created_by_foreign` (`created_by`),
  CONSTRAINT `departments_company_id_foreign` FOREIGN KEY (`company_id`) REFERENCES `companies` (`id`),
  CONSTRAINT `departments_created_by_foreign` FOREIGN KEY (`created_by`) REFERENCES `users` (`id`)
) ENGINE=InnoDB DEFAULT CHARSET=utf8mb4 COLLATE=utf8mb4_unicode_ci;

INSERT INTO `departments` (`id`, `department_name`, `company_id`, `created_by`, `status`, `training_manager_id`, `department_manager_id`, `created_at`, `updated_at`, `deleted_at`) VALUES
(1,	'HR',	1196,	2319,	1,	2319,	2319,	'2025-04-04 08:27:14',	'2025-04-04 08:27:14',	NULL);

DROP TABLE IF EXISTS `direct_messages`;
CREATE TABLE `direct_messages` (
  `id` int unsigned NOT NULL AUTO_INCREMENT,
  `content` longtext NOT NULL,
  `from_user` int unsigned DEFAULT NULL,
  `to_user` int unsigned DEFAULT NULL,
  `parent_msg` int DEFAULT '0',
  `delivery_status` longtext,
  `revisions` longtext,
  `thread_count` int NOT NULL DEFAULT '0',
  `has_reply` tinyint NOT NULL DEFAULT '0',
  `file_uuids` longtext,
  `deleted_at` timestamp NULL DEFAULT NULL,
  `created_at` timestamp NULL DEFAULT NULL,
  `updated_at` timestamp NULL DEFAULT NULL,
  `message_edit` tinyint NOT NULL DEFAULT '0',
  PRIMARY KEY (`id`),
  KEY `fuser` (`from_user`),
  KEY `tuser` (`to_user`),
  KEY `pmsg` (`parent_msg`)
) ENGINE=InnoDB DEFAULT CHARSET=utf8mb4 COLLATE=utf8mb4_unicode_ci;


DROP TABLE IF EXISTS `employement_history`;
CREATE TABLE `employement_history` (
  `id` int unsigned NOT NULL AUTO_INCREMENT,
  `user_id` int unsigned NOT NULL,
  `job_start` date NOT NULL,
  `job_end` date NOT NULL,
  `company_name` varchar(50) NOT NULL,
  `resign_reason` varchar(200) NOT NULL,
  `salary` int NOT NULL,
  `role` varchar(20) NOT NULL,
  `employer_contact` varchar(15) DEFAULT NULL,
  `additinal_info` longtext,
  `created_at` timestamp NULL DEFAULT NULL,
  `updated_at` timestamp NULL DEFAULT NULL,
  PRIMARY KEY (`id`),
  KEY `employement_history_user_id_foreign` (`user_id`),
  CONSTRAINT `employement_history_user_id_foreign` FOREIGN KEY (`user_id`) REFERENCES `users` (`id`)
) ENGINE=InnoDB DEFAULT CHARSET=utf8mb4 COLLATE=utf8mb4_unicode_ci;


DROP TABLE IF EXISTS `failed_jobs`;
CREATE TABLE `failed_jobs` (
  `id` bigint unsigned NOT NULL AUTO_INCREMENT,
  `connection` text NOT NULL,
  `queue` text NOT NULL,
  `payload` longtext NOT NULL,
  `exception` longtext NOT NULL,
  `failed_at` timestamp NOT NULL DEFAULT CURRENT_TIMESTAMP,
  PRIMARY KEY (`id`)
) ENGINE=InnoDB DEFAULT CHARSET=utf8mb4 COLLATE=utf8mb4_unicode_ci;


DROP TABLE IF EXISTS `files`;
CREATE TABLE `files` (
  `id` int unsigned NOT NULL AUTO_INCREMENT,
  `uuid` varchar(200) DEFAULT NULL,
  `file_name` varchar(200) DEFAULT NULL,
  `file_type` varchar(45) DEFAULT NULL,
  `file_size` varchar(45) DEFAULT NULL,
  `path` varchar(255) DEFAULT NULL,
  `status` varchar(45) DEFAULT NULL,
  `ref_type` varchar(45) DEFAULT NULL,
  `to_user` bigint DEFAULT NULL,
  `from_user` bigint DEFAULT NULL,
  `created_at` timestamp NULL DEFAULT NULL,
  `updated_at` timestamp NULL DEFAULT NULL,
  PRIMARY KEY (`id`)
) ENGINE=InnoDB DEFAULT CHARSET=utf8mb4 COLLATE=utf8mb4_unicode_ci;


DROP TABLE IF EXISTS `gallery_files`;
CREATE TABLE `gallery_files` (
  `id` bigint unsigned NOT NULL AUTO_INCREMENT,
  `folder_id` bigint unsigned DEFAULT NULL,
  `type` enum('a','v','d','i','o','f') DEFAULT NULL,
  `name` varchar(255) DEFAULT NULL,
  `path` varchar(255) DEFAULT NULL,
  `extension` varchar(8) DEFAULT NULL,
  `mimetype` varchar(100) DEFAULT NULL,
  `width` int unsigned DEFAULT NULL,
  `height` int unsigned DEFAULT NULL,
  `filesize` int unsigned DEFAULT NULL,
  `title` longtext,
  `description` longtext,
  `alt_attribute` longtext,
  `focal_x` tinyint unsigned DEFAULT NULL,
  `focal_y` tinyint unsigned DEFAULT NULL,
  `deleted_at` timestamp NULL DEFAULT NULL,
  `created_at` timestamp NULL DEFAULT NULL,
  `updated_at` timestamp NULL DEFAULT NULL,
  PRIMARY KEY (`id`)
) ENGINE=InnoDB DEFAULT CHARSET=utf8mb4 COLLATE=utf8mb4_unicode_ci;


DROP TABLE IF EXISTS `group_members`;
CREATE TABLE `group_members` (
  `id` int unsigned NOT NULL AUTO_INCREMENT,
  `user_id` int unsigned NOT NULL,
  `group_id` int unsigned NOT NULL,
  `status` varchar(20) DEFAULT NULL,
  `created_at` timestamp NULL DEFAULT NULL,
  `updated_at` timestamp NULL DEFAULT NULL,
  PRIMARY KEY (`id`),
  KEY `group_members_user_id_foreign` (`user_id`),
  KEY `group_members_group_id_foreign` (`group_id`),
  CONSTRAINT `group_members_group_id_foreign` FOREIGN KEY (`group_id`) REFERENCES `groups` (`id`),
  CONSTRAINT `group_members_user_id_foreign` FOREIGN KEY (`user_id`) REFERENCES `users` (`id`)
) ENGINE=InnoDB DEFAULT CHARSET=utf8mb4 COLLATE=utf8mb4_unicode_ci;


DROP TABLE IF EXISTS `group_messages`;
CREATE TABLE `group_messages` (
  `id` int unsigned NOT NULL AUTO_INCREMENT,
  `content` longtext NOT NULL,
  `from_user` int unsigned DEFAULT NULL,
  `group_id` int unsigned DEFAULT NULL,
  `parent_msg` int DEFAULT '0',
  `delivery_status` longtext,
  `revisions` longtext,
  `thread_count` int NOT NULL DEFAULT '0',
  `has_reply` tinyint NOT NULL DEFAULT '0',
  `file_uuids` longtext,
  `deleted_at` timestamp NULL DEFAULT NULL,
  `created_at` timestamp NULL DEFAULT NULL,
  `updated_at` timestamp NULL DEFAULT NULL,
  `message_edit` tinyint NOT NULL DEFAULT '0',
  PRIMARY KEY (`id`),
  KEY `gfuser` (`from_user`),
  KEY `gid` (`group_id`),
  KEY `gpmsg` (`parent_msg`)
) ENGINE=InnoDB DEFAULT CHARSET=utf8mb4 COLLATE=utf8mb4_unicode_ci;


DROP TABLE IF EXISTS `groups`;
CREATE TABLE `groups` (
  `id` int unsigned NOT NULL AUTO_INCREMENT,
  `group_name` varchar(50) NOT NULL,
  `group_lead` int unsigned NOT NULL,
  `department_id` int unsigned DEFAULT NULL,
  `company_id` int unsigned DEFAULT NULL,
  `status` int NOT NULL DEFAULT '1',
  `created_by` int unsigned NOT NULL,
  `deleted_at` timestamp NULL DEFAULT NULL,
  `created_at` timestamp NULL DEFAULT NULL,
  `updated_at` timestamp NULL DEFAULT NULL,
  `members_count` int NOT NULL DEFAULT '0',
  PRIMARY KEY (`id`),
  KEY `groups_group_lead_foreign` (`group_lead`),
  KEY `groups_department_id_foreign` (`department_id`),
  KEY `groups_created_by_foreign` (`created_by`),
  KEY `groups_company_id_foreign` (`company_id`),
  CONSTRAINT `groups_company_id_foreign` FOREIGN KEY (`company_id`) REFERENCES `companies` (`id`),
  CONSTRAINT `groups_created_by_foreign` FOREIGN KEY (`created_by`) REFERENCES `users` (`id`),
  CONSTRAINT `groups_department_id_foreign` FOREIGN KEY (`department_id`) REFERENCES `departments` (`id`),
  CONSTRAINT `groups_group_lead_foreign` FOREIGN KEY (`group_lead`) REFERENCES `users` (`id`)
) ENGINE=InnoDB DEFAULT CHARSET=utf8mb4 COLLATE=utf8mb4_unicode_ci;


DROP TABLE IF EXISTS `headings`;
CREATE TABLE `headings` (
  `id` int unsigned NOT NULL AUTO_INCREMENT,
  `title` varchar(150) NOT NULL,
  `lesson_body` longtext NOT NULL,
  `article_id` int unsigned NOT NULL,
  `status` varchar(15) NOT NULL,
  `type` varchar(15) NOT NULL,
  `created_at` timestamp NULL DEFAULT NULL,
  `updated_at` timestamp NULL DEFAULT NULL,
  PRIMARY KEY (`id`),
  KEY `headings_article_id_foreign` (`article_id`),
  CONSTRAINT `headings_article_id_foreign` FOREIGN KEY (`article_id`) REFERENCES `articles` (`id`)
) ENGINE=InnoDB DEFAULT CHARSET=utf8mb4 COLLATE=utf8mb4_unicode_ci;


DROP TABLE IF EXISTS `history_image_count`;
CREATE TABLE `history_image_count` (
  `id` bigint unsigned NOT NULL AUTO_INCREMENT,
  `file_id` int DEFAULT NULL,
  `module_id` int DEFAULT NULL,
  `total_count` text,
  `created_at` timestamp NULL DEFAULT NULL,
  `updated_at` timestamp NULL DEFAULT NULL,
  PRIMARY KEY (`id`)
) ENGINE=InnoDB DEFAULT CHARSET=utf8mb4 COLLATE=utf8mb4_unicode_ci;


DROP TABLE IF EXISTS `invoice_master`;
CREATE TABLE `invoice_master` (
  `im_id` int unsigned NOT NULL AUTO_INCREMENT,
  `super_admin_id` int NOT NULL,
  `total_payments` double(8,2) NOT NULL,
  `currency_id` int NOT NULL,
  `invoice_date` datetime NOT NULL,
  `expiry_date` datetime NOT NULL,
  `file_path` varchar(255) DEFAULT NULL,
  `status` varchar(255) NOT NULL COMMENT 'paid\\nunpaid	',
  `deleted_at` timestamp NOT NULL,
  `created_at` timestamp NULL DEFAULT NULL,
  `updated_at` timestamp NULL DEFAULT NULL,
  PRIMARY KEY (`im_id`)
) ENGINE=InnoDB DEFAULT CHARSET=utf8mb4 COLLATE=utf8mb4_unicode_ci;


DROP TABLE IF EXISTS `invoices`;
CREATE TABLE `invoices` (
  `i_id` int unsigned NOT NULL AUTO_INCREMENT,
  `invoice_master_id` int NOT NULL,
  `super_admin_id` int NOT NULL,
  `plan_id` int NOT NULL,
  `company_id` int NOT NULL,
  `currency_id` int NOT NULL,
  `payment` double(8,2) NOT NULL,
  `deleted_at` timestamp NOT NULL,
  `created_at` timestamp NULL DEFAULT NULL,
  `updated_at` timestamp NULL DEFAULT NULL,
  PRIMARY KEY (`i_id`)
) ENGINE=InnoDB DEFAULT CHARSET=utf8mb4 COLLATE=utf8mb4_unicode_ci;


DROP TABLE IF EXISTS `jobs`;
CREATE TABLE `jobs` (
  `id` bigint unsigned NOT NULL AUTO_INCREMENT,
  `queue` varchar(255) NOT NULL,
  `payload` longtext NOT NULL,
  `attempts` tinyint unsigned NOT NULL,
  `reserved_at` int unsigned DEFAULT NULL,
  `available_at` int unsigned NOT NULL,
  `created_at` int unsigned NOT NULL,
  PRIMARY KEY (`id`),
  KEY `jobs_queue_reserved_at_index` (`queue`,`reserved_at`)
) ENGINE=InnoDB DEFAULT CHARSET=utf8mb4 COLLATE=utf8mb4_unicode_ci;


DROP TABLE IF EXISTS `live_dashboard_login`;
CREATE TABLE `live_dashboard_login` (
  `id` bigint unsigned NOT NULL AUTO_INCREMENT,
  `user_id` int NOT NULL DEFAULT '0',
  `login_time` timestamp NOT NULL DEFAULT CURRENT_TIMESTAMP,
  `login_status` tinyint NOT NULL DEFAULT '2',
  `created_at` timestamp NULL DEFAULT NULL,
  `updated_at` timestamp NULL DEFAULT NULL,
  PRIMARY KEY (`id`)
) ENGINE=InnoDB DEFAULT CHARSET=utf8mb4 COLLATE=utf8mb4_unicode_ci;


DROP TABLE IF EXISTS `live_dashboard_status_history`;
CREATE TABLE `live_dashboard_status_history` (
  `live_dashboard_id` int NOT NULL COMMENT 'Get ID from live_dashboard_tracking table',
  `user_status` tinyint DEFAULT NULL COMMENT '1 for Active, 2 for Idle, 3 for absent, 4 On Break, 5 No Status',
  `type` tinyint NOT NULL DEFAULT '1' COMMENT '1 for user status, 2 for task status',
  `task_status` tinyint DEFAULT NULL COMMENT 'Task status according to TTH task status',
  `start_time` time NOT NULL,
  `end_time` time NOT NULL,
  `created_at` date NOT NULL
) ENGINE=InnoDB DEFAULT CHARSET=utf8mb4 COLLATE=utf8mb4_unicode_ci;


DROP TABLE IF EXISTS `live_dashboard_tracking`;
CREATE TABLE `live_dashboard_tracking` (
  `id` bigint unsigned NOT NULL AUTO_INCREMENT,
  `company_id` int unsigned NOT NULL,
  `user_id` int unsigned NOT NULL,
  `department_id` int unsigned NOT NULL,
  `team_id` int unsigned NOT NULL,
  `project_id` int unsigned DEFAULT NULL,
  `task_id` int unsigned DEFAULT NULL,
  `task_status` tinyint DEFAULT NULL COMMENT 'Task status according to TTH task status',
  `user_status` tinyint DEFAULT NULL COMMENT '1 for Active, 2 for Idle, 3 for absent, 4 On Break, 5 No Status,',
  `login_id` bigint DEFAULT NULL COMMENT 'Join table id with live_dashboard_login',
  `entry_time` time DEFAULT NULL,
  `entry_date` date DEFAULT NULL,
  `deleted_at` timestamp NULL DEFAULT NULL,
  `created_at` timestamp NULL DEFAULT NULL,
  `updated_at` timestamp NULL DEFAULT NULL,
  PRIMARY KEY (`id`),
  KEY `live_dashboard_tracking_company_id_foreign` (`company_id`),
  KEY `live_dashboard_tracking_user_id_foreign` (`user_id`),
  KEY `live_dashboard_tracking_department_id_foreign` (`department_id`),
  KEY `live_dashboard_tracking_team_id_foreign` (`team_id`),
  KEY `live_dashboard_tracking_project_id_foreign` (`project_id`),
  KEY `live_dashboard_tracking_task_id_foreign` (`task_id`),
  CONSTRAINT `live_dashboard_tracking_company_id_foreign` FOREIGN KEY (`company_id`) REFERENCES `companies` (`id`),
  CONSTRAINT `live_dashboard_tracking_department_id_foreign` FOREIGN KEY (`department_id`) REFERENCES `departments` (`id`),
  CONSTRAINT `live_dashboard_tracking_project_id_foreign` FOREIGN KEY (`project_id`) REFERENCES `projects` (`id`),
  CONSTRAINT `live_dashboard_tracking_task_id_foreign` FOREIGN KEY (`task_id`) REFERENCES `activities` (`id`),
  CONSTRAINT `live_dashboard_tracking_team_id_foreign` FOREIGN KEY (`team_id`) REFERENCES `groups` (`id`),
  CONSTRAINT `live_dashboard_tracking_user_id_foreign` FOREIGN KEY (`user_id`) REFERENCES `users` (`id`)
) ENGINE=InnoDB DEFAULT CHARSET=utf8mb4 COLLATE=utf8mb4_unicode_ci;


DROP TABLE IF EXISTS `migrations`;
CREATE TABLE `migrations` (
  `id` int unsigned NOT NULL AUTO_INCREMENT,
  `migration` varchar(255) NOT NULL,
  `batch` int NOT NULL,
  PRIMARY KEY (`id`)
) ENGINE=InnoDB DEFAULT CHARSET=utf8mb4 COLLATE=utf8mb4_unicode_ci;

INSERT INTO `migrations` (`id`, `migration`, `batch`) VALUES
(1,	'2021_02_10_093050_create_profiles_table',	1),
(2,	'2021_02_11_093424_create_companies_table',	1),
(3,	'2021_02_12_123839_create_activities_recurrence_table',	1),
(4,	'2021_03_15_113720_create_profile_types_table',	1),
(5,	'2021_03_16_000000_create_users_table',	1),
(6,	'2021_03_16_100000_create_password_resets_table',	1),
(7,	'2021_03_17_093616_create_clients_table',	1),
(8,	'2021_03_18_122012_create_courses_table',	1),
(9,	'2021_03_19_094740_create_purging_table',	1),
(10,	'2021_03_19_094920_create_projects_table',	1),
(11,	'2021_03_19_095227_create_activities_table',	1),
(12,	'2021_03_19_095734_create_module_features_list_table',	1),
(13,	'2021_03_19_095734_create_modules_table',	1),
(14,	'2021_03_19_100010_create_permissions_table',	1),
(15,	'2021_03_19_100136_create_clients_projects_table',	1),
(16,	'2021_03_19_100320_create_profile_modules_table',	1),
(17,	'2021_03_19_100436_create_timelogs_table',	1),
(18,	'2021_03_19_100649_create_user_activites_table',	1),
(19,	'2021_03_19_100849_create_user_projects_table',	1),
(20,	'2021_03_19_101012_create_plans_table',	1),
(21,	'2021_03_19_101122_create_payment_transactions_table',	1),
(22,	'2021_03_19_101204_create_system_features_table',	1),
(23,	'2021_03_19_101243_create_invoices_table',	1),
(24,	'2021_03_19_101314_create_invoice_master_table',	1),
(25,	'2021_03_19_101529_create_currencies_table',	1),
(26,	'2021_03_19_101621_create_plan_features_detail_table',	1),
(27,	'2021_03_19_101738_create_subscribed_plan_table',	1),
(28,	'2021_03_20_131600_create_companies_users_table',	1),
(29,	'2021_03_21_092543_create_quizzes_table',	1),
(30,	'2021_03_30_124507_create_articles_table',	1),
(31,	'2021_03_30_125755_create_headings_table',	1),
(32,	'2021_03_30_183443_create_user_courses_table',	1),
(33,	'2021_03_30_183856_create_course_articles_table',	1),
(34,	'2021_04_21_094423_add_columns_to_courses',	1),
(35,	'2021_04_21_100218_add_columns_to_articles',	1),
(36,	'2021_05_04_093315_create_quiz_questions_table',	1),
(37,	'2021_05_20_120309_article_quiz_readings',	1),
(38,	'2021_05_26_100606_quiz_attempt',	1),
(39,	'2021_05_27_144826_create-department',	1),
(40,	'2021_05_31_072332_candidate_education',	1),
(41,	'2021_05_31_074011_candidate_info',	1),
(42,	'2021_05_31_075205_employment_history',	1),
(43,	'2021_05_31_084641_add_employee_flag',	1),
(44,	'2021_06_03_085901_candidate_docs',	1),
(45,	'2021_06_10_151045_add_DOB',	1),
(46,	'2021_06_15_130937_create_quiz_completion_table',	1),
(47,	'2021_06_15_130948_create_article_completion_table',	1),
(48,	'2021_06_15_153221_add_mask_company',	1),
(49,	'2021_06_22_125936_create_add_blocked_and_reason_column_table',	1),
(50,	'2021_06_28_133221_groups',	1),
(51,	'2021_06_28_133935_group_members',	1),
(52,	'2021_07_17_170207_shifts',	1),
(53,	'2021_07_17_170828_shift_breaks',	1),
(54,	'2021_07_17_171807_breaks',	1),
(55,	'2021_07_17_172519_break_slots',	1),
(56,	'2021_07_17_172748_break_users',	1),
(57,	'2021_07_26_123929_create_break_groups_table',	1),
(58,	'2021_07_27_105352_course_timelogs',	1),
(59,	'2021_07_27_111631_timelogs_change',	1),
(60,	'2021_07_28_133014_craete_add_project_structure_column_table',	1),
(61,	'2021_07_30_100821_create_jobs_table',	1),
(62,	'2021_07_30_123715_create_failed_jobs_table',	1),
(63,	'2021_07_30_152938_create_add_shift_id_to_hiring_table',	1),
(64,	'2021_08_02_134738_change_members',	1),
(65,	'2021_08_02_140025_last-active',	1),
(66,	'2021_08_02_142344_chat_msgs',	1),
(67,	'2021_08_02_142743_group_msgs',	1),
(68,	'2021_08_03_102023_create_notifications_table',	1),
(69,	'2021_08_09_153641_add_company_to_groups',	1),
(70,	'2021_08_23_144709_make_doc_Tags_null',	1),
(71,	'2021_08_26_111909_quizcompletion',	1),
(72,	'2021_08_31_100813_add_status_departments',	1),
(73,	'2021_09_02_110844_composite_unique_company_users',	1),
(74,	'2021_09_07_155132_chat_foriegn_keys',	1),
(75,	'2021_09_10_125949_user_task_status',	1),
(76,	'2021_09_13_151051_add_is_employee_to_companies_users_table',	1),
(77,	'2021_09_13_163549_chat_groups',	1),
(78,	'2021_09_13_165301_remove_chat_group_flag',	1),
(79,	'2021_09_13_170432_remove_chat_foreign_keys',	1),
(80,	'2021_09_14_122457_chat_content_type',	1),
(81,	'2021_09_14_124609_chat_data_types',	1),
(82,	'2021_09_14_131413_chat_group_members',	1),
(83,	'2021_09_16_111622_add_message_edit_to_group_messages_table',	1),
(84,	'2021_09_16_111837_add_message_edit_to_direct_messages_table',	1),
(85,	'2021_09_20_135209_parent_msg_default_0',	1),
(86,	'2021_10_15_100447_create_drop_course_columns_table',	1),
(87,	'2021_10_15_113045_create_force_completion_library_in_user_courses_table',	1),
(88,	'2021_10_15_121001_create_change_date_to_datetime_type_table',	1),
(89,	'2021_11_03_085606_user_courses_id',	1),
(90,	'2021_11_03_093110_rate_bill_cost',	1),
(91,	'2021_11_03_101120_rate_bill_cost_update',	1),
(92,	'2021_11_03_155529_bill_cost',	1),
(93,	'2021_11_10_144919_create_course_batch_id_in_user_courses_table',	1),
(94,	'2021_11_24_134836_add_profile_type_field_to_table_profiles',	1),
(95,	'2021_12_01_124404_create_files_table',	1),
(96,	'2021_12_01_134217_add_file_uuids_table',	1),
(97,	'2021_12_01_135030_add_file_uuids_direct_messages_table',	1),
(98,	'2021_12_09_141754_add_course_batch_id_to_article_completion',	1),
(99,	'2021_12_09_141821_add_course_batch_id_to_quiz_attempts',	1),
(100,	'2021_12_09_164708_add_heading_id_to_article_reading_table',	1),
(101,	'2022_01_18_100814_create_project_groups_table',	1),
(102,	'2022_01_20_164943_create_add_colums_in_modules_tables',	1),
(103,	'2022_01_31_104943_create_user_breaks_table',	1),
(104,	'2022_05_24_095943_create_status_column_in_profile_table',	1),
(105,	'2022_05_25_145212_create_add_status_column_in_shift',	1),
(106,	'2022_06_22_132506_add_timezone_column_to_users_table',	1),
(107,	'2022_06_23_132506_add_color_column_to_projects_table',	1),
(108,	'2022_06_23_151525_create_add_timestamps_in_article_completion_able',	1),
(109,	'2022_07_13_103325_create_change_column_type_text_of_descriotion_in_courses',	1),
(110,	'2022_07_15_120639_create_make_company_title_nullable_in_clients',	1),
(111,	'2022_07_19_152014_create_soft_delete_in_clients_table',	1),
(112,	'2022_07_20_170133_create_deleted_at_in_modules_table',	1),
(113,	'2022_08_05_103239_add_app_password_column_to_users_table',	1),
(114,	'2022_08_12_102438_add_no_employment_history_to_candidate_info',	1),
(115,	'2022_08_18_115048_add_estimated_hours_to_courses',	1),
(116,	'2022_09_06_102438_add_capture_screen_to_companies_users_table',	1),
(117,	'2022_09_23_072343_create_country_state_city_table',	1),
(118,	'2022_09_28_114948_add_user_type_in_user_projects',	1),
(119,	'2022_10_03_081832_add_deleted_at_in_departments',	1),
(120,	'2022_10_03_104154_add_profile_type_profile_title_in_companies_users',	1),
(121,	'2022_10_04_070030_create_web_app_tracking_table',	1),
(122,	'2022_10_06_091624_create_live_dashboard_login_table',	1),
(123,	'2022_10_06_092452_create_live_dashboard_tracking_table',	1),
(124,	'2022_10_06_094135_create_live_dashboard_status_history_table',	1),
(125,	'2022_10_11_102115_add_deleted_at_in_groups_table',	1),
(126,	'2022_10_11_105104_drop_and_add_new_columns_in_web_app_tracking',	1),
(127,	'2022_10_13_071750_add_status_fields_to_users_table',	1),
(128,	'2022_10_24_062939_add_remove_newe_columns_in-web_app_tracking',	1),
(129,	'2022_10_25_061809_create_web_app_tracking_meta_table',	1),
(130,	'2022_10_28_075727_update_company_table',	1),
(131,	'2022_10_28_081823_create_company_holidays_table',	1),
(132,	'2022_10_31_055034_update_columns_in_companies_table',	1),
(133,	'2022_11_07_065501_add_column_web_traking_in_companies_users_table',	1),
(134,	'2022_11_07_073824_add_new_colums_in_companies_tabe',	1),
(135,	'2022_11_08_072514_add_new_columns_in_user_courses_projects_and_activities_table',	1),
(136,	'2022_11_14_103252_add_new_columns_in_companies_table',	1),
(137,	'2022_11_21_115302_add_uuid_to_projects_table',	1),
(138,	'2022_12_02_110520_add_column_modules_type_modules_table',	1),
(139,	'2022_12_27_110550_make_changes_in_companies_timezone_and_web_app_tracking_table',	1),
(140,	'2023_01_06_060635_add-soft_delete_to_tasks',	1),
(141,	'2023_01_06_061016_create_add_soft_delete_to_tasks',	1),
(142,	'2023_01_06_061326_create_add_soft_delete_to_tasks',	1),
(143,	'2023_01_09_112851_create_increase_length_of_weekdays_in_compaies_table',	1),
(144,	'2023_01_10_075834_add_soft_delete_to_user_courses',	1),
(145,	'2023_01_11_091257_add_break_type_in_user_breaks_table',	1),
(146,	'2023_01_13_072914_add_columns_in_timelogs_table',	1),
(147,	'2023_01_13_075945_create_timelogs_idle_time_history_table',	1),
(148,	'2023_01_13_101649_create_push_notifications_table',	1),
(149,	'2023_01_13_125417_add_break_type_in_shifts_table',	1),
(150,	'2023_01_13_130626_create_table_shifts_users',	1),
(151,	'2023_01_16_084616_drop_foriegnkey_user_breaks',	1),
(152,	'2023_01_17_082228_add_status_columns_in_multiple_tables',	1),
(153,	'2023_01_24_092345_add_status_columns_totables',	1),
(154,	'2023_02_04_063301_add_soft_delete_to_tasks_table',	1),
(155,	'2023_03_01_080846_add_shift_id_in_users_table',	1),
(156,	'2023_03_14_064710_add_is_delivered_column_in_push_notifications_table',	1),
(157,	'2023_03_16_120440_create_auth_key_in_push_notifiction',	1),
(158,	'2023_03_20_065720_change_column_type_push_notifications',	1),
(159,	'2023_03_27_060748_change_column_null_read_at_push_notifications',	1),
(160,	'2023_03_27_103207_add_new_column_quiz_type_in_quizzes',	1),
(161,	'2023_03_30_084040_add_completion_time_in_article_completion',	1),
(162,	'2023_04_03_070041_create_gallery_files_table',	1),
(163,	'2023_04_03_190353_add_completion_time_in_quiz_attempts_table',	1),
(164,	'2023_04_04_113634_add_include_weekend_in_tasks',	1),
(165,	'2023_04_04_234554_change_quiz_questions_column',	1),
(166,	'2023_04_05_010216_change_quizzes_column',	1),
(167,	'2023_04_09_122122_add_column_quiz_attemp',	1),
(168,	'2023_04_13_060423_create_user_time_log_table',	1),
(169,	'2023_04_13_114014_add_column_to_user_courses_table',	1),
(170,	'2023_04_14_054801_create_history_image_count',	1),
(171,	'2023_04_14_060424_add_column_quiz_question',	1),
(172,	'2023_04_18_104345_add_new_column_to_user_courses_table',	1),
(173,	'2023_04_20_041815_create_table_quiz_attempts_status',	1),
(174,	'2023_05_02_073958_update_created_at_default_value',	1),
(175,	'2023_05_11_081244_update_web-app_tracking_task_column_type',	1),
(176,	'2023_05_18_020336_update_table_quiz_attempts_status',	1),
(177,	'2023_05_25_080017_update_quiz_questions_field_answer',	1),
(178,	'2023_05_26_144052_update_table_quiz_question_tags',	1),
(179,	'2023_06_12_085112_add_field_created_by_in_profile',	1),
(180,	'2023_06_15_053627_add_new_columns_totimelogs_idle_history_table',	1),
(181,	'2023_06_21_091418_create_activity_user_logs_table',	1),
(182,	'2023_06_21_092819_add_members_count_to_groups_table',	1),
(183,	'2023_07_19_131209_alter_table_candidate_education_change_end_date',	1),
(184,	'2023_07_20_060751_add_index_on_timelogs_and_activities_tables',	1),
(185,	'2023_07_20_074152_add_column_in_project_total_assigne_table',	1),
(186,	'2023_08_04_112947_alter_table_candidate_info_change_employee_code',	1),
(187,	'2023_08_11_065043_create_timelog_summaries_table',	1),
(188,	'2023_08_11_111946_add_summary_log_status_to_timelogs_table',	1),
(189,	'2023_08_15_135101_add_country_flag_to_candidate_info_table',	1),
(190,	'2023_09_04_132206_add_columns_in_companies_table',	1),
(191,	'2023_09_19_090314_create_course_groups_table',	1),
(192,	'2023_09_19_091439_add_due_date_to_courses_table',	1),
(193,	'2023_09_19_104643_add_column_to_courses_table',	1),
(194,	'2023_09_20_071320_add_team_id_to_user_courses_table',	1),
(195,	'2023_10_10_074258_create_zapier_logs',	1),
(196,	'2023_10_11_141630_alter_table_candidate_education_change_end_date_to_string',	1),
(197,	'2023_11_30_105845_add_module_sorting_table',	1),
(198,	'2023_12_19_110700_add_score_to_user_courses_table',	1),
(199,	'2023_12_19_110829_add_score_to_quiz_attempts_status_table',	1),
(200,	'2023_12_22_100346_add_time_spend_to_web_app_tracking_table',	1),
(201,	'2023_12_22_151010_invitation_date_and_invited_by_to_companies_users_table',	1),
(202,	'2023_12_25_062731_add_user_time_sheet_limit_to_companies_users_table',	1),
(203,	'2023_12_25_100436_database_partition',	1),
(204,	'2023_12_29_143920_create_new_field_in_companies_table',	1),
(205,	'2023_12_31_153015_add_user_name_to_candidate_info_table',	1),
(206,	'2024_01_01_053719_create_new_field_in_companies_users_table',	1),
(207,	'2024_01_04_055231_add_manager_to_departments_table',	1),
(208,	'2024_01_04_055318_add_department_id_to_courses_table',	1),
(209,	'2024_01_04_055335_add_department_id_to_articles_table',	1),
(210,	'2024_01_04_055409_add_department_id_to_quizzes_table',	1),
(211,	'2024_01_31_072610_add_column_to_module_rules_table',	1),
(212,	'2024_01_31_072610_add_column_to_module_sorting_table',	1),
(213,	'2024_02_13_134342_add_columns_in_companies_table',	1),
(214,	'2024_02_16_112936_add_columns_to_system_features_table',	1),
(215,	'2024_03_12_072610_add_column_stripe_id_to_user_table',	1),
(216,	'2024_03_12_072610_add_column_to_companies_table',	1),
(217,	'2024_03_13_072610_update_column_type_system_features_table',	1),
(218,	'2024_03_18_072610_update_column_deleted_at_to_system_features',	1),
(219,	'2024_03_22_072610_update_column_idx_user_id_start_time',	1),
(220,	'2024_03_25_095734_add_price_id_company_table',	1),
(221,	'2024_03_25_095734_add_status_module_table',	1),
(222,	'2024_05_27_095734_add_dependent_module_id_module_table',	1),
(223,	'2024_07_18_102524_add_payment_status_to_companies_table',	1),
(224,	'2024_07_25_095734_grace_period_start_date_company_table',	1),
(225,	'2024_07_29_095734_grace_period_blocked_by_super_admin_company_users_table',	1),
(226,	'2024_07_29_095734_grace_period_deactive_by_super_admin_modules_table',	1),
(227,	'2024_07_29_114742_add_columns_to_companies_table',	1),
(228,	'2024_08_01_113913_add_column_closure_plan_to_companies_table',	1),
(229,	'2024_08_08_113913_add_column_grace_period_name_to_companies_table',	1),
(230,	'2024_09_27_114740_add_columns_to_companies_users_table',	1),
(231,	'2024_09_27_122320_add_columns_to_candidate_info_table',	1),
(232,	'2024_09_27_123637_add_field_web_and_app_tracking_table',	1),
(233,	'2024_09_27_123710_add_field_company_users_table',	1),
(234,	'2024_10_02_134800_add_columns_to_candidate_docs_table',	1),
(235,	'2024_10_11_064144_add_coulmn_logout_child_db_in_companies_users',	1),
(236,	'2024_10_11_112249_add_columns_to_companies_users_table',	1),
(237,	'2024_10_21_090110_change_primary_key_to_uuid_in_web_app_tracking_table',	1),
(238,	'2024_11_06_075622_create_table_web_app_tracking_summariez',	1),
(239,	'2024_11_19_060557_add_column_web_app_tracking_table',	1),
(240,	'2024_11_21_070836_add_column_plan_users_companies_table',	1),
(241,	'2024_11_29_133229_add_column_in_timelogs',	1),
(242,	'2024_12_18_125453_create_new_column_web_app_tracking_meta',	1),
(243,	'2024_12_18_131439_create_new_table_web_app_tracking_domain',	1),
(244,	'2024_12_18_132511_create_new_table_web_app_tracking_domain_uers',	1),
(245,	'2024_12_22_180349_add_column_type_web_app_tracking_summary_table',	1),
(246,	'2025_01_07_141416_add_column_os_web_app_tracking',	1),
(247,	'2025_01_08_074343_add_column_company_users',	1),
(248,	'2025_01_22_183529_add_column_to_companies_table',	1),
(249,	'2025_02_13_075405_add_attendance_column_to_users_table',	1),
(250,	'2025_02_13_081139_create_attendances_table',	1),
(251,	'2025_02_15_070321_add_department_id_in_users_table',	1),
(252,	'2025_02_17_114604_update_live_dashboard_history_login_table',	1),
(253,	'2025_02_18_085645_add_attendance_column_to_companies_table',	1),
(254,	'2025_02_20_234638_update_companies_table',	1),
(255,	'2025_02_21_094726_create_web_app_service_histories_table',	1),
(256,	'2025_02_24_110825_add_column_to_web_app_tracking_domain_table',	1),
(257,	'2025_02_24_115001_add_column_to_web_app_tracking_summariez_table',	1),
(258,	'2025_03_10_063653_alter_attendance_in_companies_table',	1),
(259,	'2025_03_10_063823_alter_attendance_in_users_table',	1),
(260,	'2025_03_11_075405_add_submitted_column_to_quiz_attempts_status_and_article_completion_tables',	1),
(261,	'2025_03_11_110928_add_archive_column_timelogs_table',	1),
(262,	'2025_03_19_105951_add_column_companies_table_in_company_db',	1),
(263,	'2025_03_26_075724_create_addons_histories_table',	1);

DROP TABLE IF EXISTS `module_features_list`;
CREATE TABLE `module_features_list` (
  `id` int unsigned NOT NULL AUTO_INCREMENT,
  `module_features_id` int DEFAULT NULL,
  `type` tinyint NOT NULL DEFAULT '1' COMMENT '1=info, 2=implementation',
  `feature_key` int DEFAULT NULL,
  `feature_value` varchar(30) DEFAULT NULL,
  `feature_label` varchar(50) DEFAULT NULL,
  `status` tinyint NOT NULL DEFAULT '1' COMMENT '1=Active, 0=Inactive',
  `content` text,
  `image` varchar(150) DEFAULT NULL,
  `deleted_at` timestamp NULL DEFAULT NULL,
  `created_at` timestamp NULL DEFAULT NULL,
  `updated_at` timestamp NULL DEFAULT NULL,
  PRIMARY KEY (`id`)
) ENGINE=InnoDB DEFAULT CHARSET=utf8mb4 COLLATE=utf8mb4_unicode_ci;


DROP TABLE IF EXISTS `module_sorting`;
CREATE TABLE `module_sorting` (
  `id` bigint unsigned NOT NULL AUTO_INCREMENT,
  `user_id` int NOT NULL,
  `module_data` longtext NOT NULL,
  `created_at` timestamp NULL DEFAULT NULL,
  `updated_at` timestamp NULL DEFAULT NULL,
  `deleted_at` timestamp NULL DEFAULT NULL,
  `layout_views` text,
  PRIMARY KEY (`id`)
) ENGINE=InnoDB DEFAULT CHARSET=utf8mb4 COLLATE=utf8mb4_unicode_ci;


DROP TABLE IF EXISTS `modules`;
CREATE TABLE `modules` (
  `id` int unsigned NOT NULL AUTO_INCREMENT,
  `title` varchar(45) DEFAULT NULL,
  `description` varchar(255) DEFAULT NULL,
  `url` varchar(255) DEFAULT NULL,
  `icon` varchar(45) DEFAULT NULL,
  `parent_module_id` int DEFAULT NULL,
  `module_type` tinyint NOT NULL DEFAULT '1',
  `deleted_at` timestamp NULL DEFAULT NULL,
  `created_at` timestamp NULL DEFAULT NULL,
  `updated_at` timestamp NULL DEFAULT NULL,
  `module_order` int DEFAULT NULL,
  `rules` json DEFAULT NULL,
  `status` tinyint NOT NULL DEFAULT '0',
  `dependent_module_id` int NOT NULL DEFAULT '0',
  `deactive_by_super_admin` tinyint NOT NULL DEFAULT '0',
  PRIMARY KEY (`id`)
) ENGINE=InnoDB DEFAULT CHARSET=utf8mb4 COLLATE=utf8mb4_unicode_ci;

INSERT INTO `modules` (`id`, `title`, `description`, `url`, `icon`, `parent_module_id`, `module_type`, `deleted_at`, `created_at`, `updated_at`, `module_order`, `rules`, `status`, `dependent_module_id`, `deactive_by_super_admin`) VALUES
(1,	'Projects',	'Projects',	'projects/list',	'projects',	13,	1,	NULL,	'2025-04-04 08:26:33',	'2025-04-04 08:26:33',	1,	'{\"info\": [{\"key\": \"access_on_projects\", \"title\": \"Access on Projects\", \"values\": \"\"}], \"implementation\": [{\"key\": \"limit_the_number_of_projects\", \"title\": \"Limit the number of Projects\", \"values\": [\"unlimited\", \"none\", \"input_field\"]}, {\"key\": \"limit_the_number_of_members_of_a_projects\", \"title\": \"Limit the number of Members of a Projects\", \"values\": [\"unlimited\", \"none\", \"input_field\"]}, {\"key\": \"limit_the_number_of_tasks_of_a_projects\", \"title\": \"Limit the number of Tasks of a Projects\", \"values\": [\"unlimited\", \"none\", \"input_field\"]}]}',	1,	0,	0),
(2,	'Tasks',	'Activities',	'activities',	'Tasks',	13,	1,	NULL,	'2025-04-04 08:26:33',	'2025-04-04 08:26:33',	2,	'{\"info\": [{\"key\": \"access_on_tasks\", \"title\": \"Access on Tasks\", \"values\": \"\"}], \"implementation\": [{\"key\": \"limit_the_number_pages_of_tasks\", \"title\": \"Limit the number pages of Tasks\", \"values\": [\"unlimited\", \"none\", \"input_field\"]}, {\"key\": \"limit_the_number_of_assignees_of_a_tasks\", \"title\": \"Limit the number of Assignees of a Tasks\", \"values\": [\"unlimited\", \"none\", \"input_field\"]}]}',	1,	0,	0),
(5,	'Clients',	'Clients',	'clients',	'Clients',	13,	1,	NULL,	'2025-04-04 08:26:33',	'2025-04-04 08:26:33',	3,	'{\"info\": [{\"key\": \"access_on_clients\", \"title\": \"Access on Clients\", \"values\": \"\"}], \"implementation\": [{\"key\": \"limit_the_number_of_clients\", \"title\": \"Limit the number of Clients\", \"values\": [\"unlimited\", \"none\", \"input_field\"]}]}',	1,	0,	0),
(9,	'Snapshots',	'Snapshots',	'snapshots',	'Snapshots',	50,	1,	NULL,	'2025-04-04 08:26:33',	'2025-04-04 08:26:33',	4,	'{\"info\": [{\"key\": \"access_on_timesheet\", \"title\": \"Access on Timesheet\", \"values\": \"\"}], \"implementation\": []}',	1,	0,	0),
(11,	'Download client',	'Download Setup',	'setup',	'Download',	0,	1,	NULL,	'2025-04-04 08:26:33',	'2025-04-04 08:26:33',	11,	'{\"info\": [{\"key\": \"access_on_download_client\", \"title\": \"Access on Download Client\", \"values\": \"\"}], \"implementation\": []}',	1,	0,	0),
(12,	'Courses',	'courses list',	'courses/list',	'Courses',	19,	1,	NULL,	'2025-04-04 08:26:33',	'2025-04-04 08:26:33',	1,	'{\"info\": [{\"key\": \"access_on_courses\", \"title\": \"Access on Courses\", \"values\": \"\"}, {\"key\": \"access_on_completion_required\", \"title\": \"Access on completion required\", \"values\": \"\"}, {\"key\": \"access_on_force_order\", \"title\": \"Access on force order\", \"values\": \"\"}], \"implementation\": [{\"key\": \"limit_the_number_of_assigned_courses\", \"title\": \"Limit the number of assigned courses\", \"values\": [\"unlimited\", \"none\", \"input_field\"]}, {\"key\": \"limit_the_number_of_assigned_articles_of_a_courses\", \"title\": \"Limit the number of assigned articles of a courses\", \"values\": [\"unlimited\", \"none\", \"input_field\"]}, {\"key\": \"limit_the_number_of_assigned_quizzes_of_a_courses\", \"title\": \"Limit the number of assigned Quizzes of a courses\", \"values\": [\"unlimited\", \"none\", \"input_field\"]}, {\"key\": \"limit_of_storage_of_gallery_in_courses\", \"title\": \"limit of storage of gallery in courses\", \"values\": [\"unlimited\", \"none\", \"input_field\"]}]}',	1,	0,	0),
(13,	'Projects & Tasks',	NULL,	'',	'Projects-and-Task',	0,	1,	NULL,	'2025-04-04 08:26:33',	'2025-04-04 08:26:33',	4,	'{\"info\": [], \"implementation\": []}',	1,	0,	0),
(14,	'Articles',	'Articles list here',	'articles/list',	'Articles',	19,	1,	NULL,	'2025-04-04 08:26:33',	'2025-04-04 08:26:33',	3,	'{\"info\": [{\"key\": \"access_on_articles\", \"title\": \"Access on Articles\", \"values\": \"\"}], \"implementation\": [{\"key\": \"limit_the_number_pages_of_articles\", \"title\": \"Limit the number pages of Articles\", \"values\": [\"unlimited\", \"none\", \"input_field\"]}, {\"key\": \"limit_the_size_of_attachments_of_a_article\", \"title\": \"Limit the size of attachments of a Article\", \"values\": [\"unlimited\", \"none\", \"input_field\"]}, {\"key\": \"limit_the_total_number_of_attachments_of_a_article\", \"title\": \"Limit the total Number of attachments of a Article\", \"values\": [\"unlimited\", \"none\", \"input_field\"]}]}',	1,	0,	0),
(15,	'My Courses',	'User assigned courses only',	'mycourses/list',	'MyCourses',	73,	1,	NULL,	'2025-04-04 08:26:33',	'2025-04-04 08:26:33',	1,	'{\"info\": [{\"key\": \"access_on_projects\", \"title\": \"Access on My Courses\", \"values\": \"\"}], \"implementation\": [{\"key\": \"limit_the_number_of_assigned_courses\", \"title\": \"Limit the number of assigned courses\", \"values\": [\"unlimited\", \"none\", \"input_field\"]}]}',	1,	0,	0),
(18,	'Quizzes',	'f',	'quiz/list',	'Quizzes',	19,	1,	NULL,	'2025-04-04 08:26:33',	'2025-04-04 08:26:33',	2,	'{\"info\": [{\"key\": \"access_on_quizzes\", \"title\": \"Access on Quizzes\", \"values\": \"\"}], \"implementation\": [{\"key\": \"limit_the_number_of_quizzes\", \"title\": \"Limit the number of Quizzes\", \"values\": [\"unlimited\", \"none\", \"input_field\"]}, {\"key\": \"limit_the_size_of_attachments_of_a_quiz\", \"title\": \"Limit the size of attachments of a quiz\", \"values\": [\"unlimited\", \"none\", \"input_field\"]}, {\"key\": \"limit_the_total_number_of_attachments_of_a_quiz\", \"title\": \"Limit the total Number of attachments of a quiz\", \"values\": [\"unlimited\", \"none\", \"input_field\"]}]}',	1,	0,	0),
(19,	'Trainings',	'courses and articles',	'',	'Training',	0,	1,	NULL,	'2025-04-04 08:26:33',	'2025-04-04 08:26:33',	3,	'{\"info\": [], \"implementation\": []}',	1,	0,	0),
(22,	'Resource Management',	'',	'',	'Employee_management',	0,	1,	NULL,	'2025-04-04 08:26:33',	'2025-04-04 08:26:33',	6,	'{\"info\": [], \"implementation\": []}',	1,	0,	0),
(25,	'Employees',	NULL,	'hiring/list',	'Hiring',	22,	1,	NULL,	'2025-04-04 08:26:33',	'2025-04-04 08:26:33',	1,	'{\"info\": [{\"key\": \"access_on_employee\", \"title\": \"Access on Employee\", \"values\": \"\"}], \"implementation\": [{\"key\": \"limit_the_number_of_employees\", \"title\": \"Limit the number of Employees\", \"values\": [\"unlimited\", \"none\", \"input_field\"]}]}',	1,	0,	0),
(26,	'Departments',	NULL,	'departments',	'departments',	22,	1,	NULL,	'2025-04-04 08:26:33',	'2025-04-04 08:26:33',	2,	'{\"info\": [{\"key\": \"access_to_employees\", \"title\": \"Access to Employees\", \"values\": \"\"}], \"implementation\": [{\"key\": \"limit_the_number_of_department\", \"title\": \"Limit the number of Department\", \"values\": [\"unlimited\", \"none\", \"input_field\"]}]}',	1,	0,	0),
(27,	'Shift Scheduling',	NULL,	'shifts',	'Shift_Schedule',	77,	1,	NULL,	'2025-04-04 08:26:33',	'2025-04-04 08:26:33',	1,	'{\"info\": [{\"key\": \"access_to_shift_scheduling\", \"title\": \"Access to Shift Scheduling\", \"values\": \"\"}], \"implementation\": [{\"key\": \"limit_the_number_of_shift_scheduling\", \"title\": \"Limit the number of Shift Scheduling\", \"values\": [\"unlimited\", \"none\", \"input_field\"]}, {\"key\": \"allow_to_configure_multiple_breaks\", \"title\": \"allow to Configure multiple breaks\", \"values\": [\"1\", \"2\"]}]}',	1,	0,	0),
(28,	'Break Scheduling',	'Break Scheduling',	'breaks',	'Break_Schedule',	77,	1,	NULL,	'2025-04-04 08:26:33',	'2025-04-04 08:26:33',	2,	'{\"info\": [{\"key\": \"access_to_break_scheduling\", \"title\": \"Access to Break Scheduling\", \"values\": \"\"}], \"implementation\": [{\"key\": \"limit_the_number_of_break_scheduling\", \"title\": \"Limit the number of Break Scheduling\", \"values\": [\"unlimited\", \"none\", \"input_field\"]}, {\"key\": \"allow_to_configure_multiple_breaks\", \"title\": \"allow to Configure multiple breaks\", \"values\": [\"1\", \"2\"]}]}',	1,	0,	0),
(31,	'Teams',	'Teams',	'groups',	'groups',	22,	1,	NULL,	'2025-04-04 08:26:33',	'2025-04-04 08:26:33',	3,	'{\"info\": [{\"key\": \"access_to_teams\", \"title\": \"Access to Teams\", \"values\": \"\"}], \"implementation\": [{\"key\": \"limit_the_number_of_teams\", \"title\": \"Limit the number of Teams\", \"values\": [\"unlimited\", \"none\", \"input_field\"]}]}',	1,	0,	0),
(37,	'Profile and Permissions',	'Profile and Permissions',	'profiles',	'profile_permissions',	61,	1,	NULL,	'2025-04-04 08:26:33',	'2025-04-04 08:26:33',	2,	'{\"info\": [{\"key\": \"access_on_profile_and_permissions\", \"title\": \"Access on Profile and Permissions\", \"values\": \"\"}], \"implementation\": [{\"key\": \"limit_the_of_profiles\", \"title\": \"Limit the # of Profiles\", \"values\": [\"unlimited\", \"none\", \"input_field\"]}]}',	1,	0,	0),
(44,	'Company Settings',	'Company',	'company/edit',	'Company',	61,	1,	NULL,	'2025-04-04 08:26:33',	'2025-04-04 08:26:33',	1,	'{\"info\": [], \"implementation\": []}',	1,	0,	0),
(47,	'Timesheet',	'NULL',	'split_time',	'split_time',	50,	1,	NULL,	NULL,	'2025-04-04 08:26:33',	3,	'{\"info\": [{\"key\": \"access_on_timesheet\", \"title\": \"Access on Timesheet\", \"values\": \"\"}], \"implementation\": []}',	1,	0,	0),
(48,	'Live Dashboard',	NULL,	'live-dashboard',	'Live_Dashboard',	50,	1,	NULL,	'2025-04-04 08:26:33',	'2025-04-04 08:26:33',	1,	'{\"info\": [{\"key\": \"access_on_live_dashboard\", \"title\": \"Access on Live Dashboard\", \"values\": \"\"}], \"implementation\": []}',	1,	0,	0),
(49,	'My Dashboard',	NULL,	'dashboard',	'my_dashboard_icon',	0,	1,	NULL,	'2025-04-04 08:26:33',	'2025-04-04 08:26:33',	1,	'{\"info\": [{\"key\": \"personalize_dashboard\", \"title\": \"Personalize Dashboard\", \"values\": \"\"}], \"implementation\": []}',	1,	0,	0),
(50,	'Monitoring',	NULL,	'NULL',	'new_montiring_icon',	0,	1,	NULL,	'2025-04-04 08:26:33',	'2025-04-04 08:26:33',	5,	'{\"info\": [], \"implementation\": []}',	1,	0,	0),
(51,	'Web & App Tracking',	NULL,	'web_app_tracking',	'Web_App_Tracking',	78,	1,	NULL,	'2025-04-04 08:26:33',	'2025-04-04 08:26:33',	6,	'{\"info\": [{\"key\": \"access_on_web_app_tracking\", \"title\": \"Access on Web & App Tracking\", \"values\": \"\"}], \"implementation\": []}',	1,	0,	0),
(52,	'Team Dashboard',	NULL,	'team-dashboard',	'My_Dashboard',	50,	1,	NULL,	'2025-04-04 08:26:33',	'2025-04-04 08:26:33',	2,	'{\"info\": [{\"key\": \"access_on_team_dashboard\", \"title\": \"Access on Team Dashboard\", \"values\": \"\"}], \"implementation\": []}',	1,	0,	0),
(57,	'User Time Report',	NULL,	'module-reports/user-time-report',	'user_time_report_icon',	78,	1,	NULL,	'2025-04-04 08:26:33',	'2025-04-04 08:26:33',	4,	'{\"info\": [{\"key\": \"access_on_user_time\", \"title\": \"Access on User Time\", \"values\": \"\"}], \"implementation\": []}',	1,	13,	0),
(58,	'Idle & Manual Time Report',	NULL,	'module-reports/idle-manual-time-report',	'idle_manual_time_report_icon',	78,	1,	NULL,	'2025-04-04 08:26:33',	'2025-04-04 08:26:33',	5,	'{\"info\": [{\"key\": \"access_on_idle_manual_time\", \"title\": \"Access on Idle & Manual Time\", \"values\": \"\"}], \"implementation\": []}',	1,	13,	0),
(59,	'Team Work Report',	NULL,	'module-reports/team-work-report',	'team_work_report_icon',	78,	1,	NULL,	'2025-04-04 08:26:33',	'2025-04-04 08:26:33',	6,	'{\"info\": [{\"key\": \"access_on_team_work\", \"title\": \"Access on Team Work\", \"values\": \"\"}], \"implementation\": []}',	1,	13,	0),
(61,	'Configurations',	'Configurations',	NULL,	'Configurations',	0,	1,	NULL,	'2025-04-04 08:26:33',	'2025-04-04 08:26:33',	9,	'{\"info\": [], \"implementation\": []}',	1,	0,	0),
(62,	'Project Time Report',	NULL,	'module-reports/projects-time-report',	'project_time_report_icon',	78,	1,	NULL,	NULL,	'2025-04-04 08:26:33',	3,	'{\"info\": [{\"key\": \"access_on_project_time\", \"title\": \"Access on Project Time\", \"values\": \"\"}], \"implementation\": []}',	1,	13,	0),
(63,	'General Settings',	'General Settings',	'-',	'Company',	44,	2,	NULL,	'2025-04-04 08:26:33',	'2025-04-04 08:26:33',	1,	'{\"info\": [], \"implementation\": []}',	1,	0,	0),
(64,	'Timesheet/Tracking Settings',	'Monitoring',	'-',	'Company',	44,	2,	NULL,	'2025-04-04 08:26:33',	'2025-04-04 08:26:33',	2,	'{\"info\": [], \"implementation\": []}',	1,	0,	0),
(65,	'Organization',	'Organization',	'-',	'Company',	63,	2,	NULL,	'2025-04-04 08:26:33',	'2025-04-04 08:26:33',	1,	'{\"info\": [{\"key\": \"access_on_company\", \"title\": \"Access on Company\", \"values\": \"\"}], \"implementation\": [{\"key\": \"allow_to_configure_timezone\", \"title\": \"Allow to configure timezone\", \"values\": [\"1\", \"2\"]}, {\"key\": \"allow_to_configure_billing_currency\", \"title\": \"Allow to configure billing currency\", \"values\": [\"1\", \"2\"]}, {\"key\": \"allow_to_configure_weekend_days\", \"title\": \"Allow to configure weekend days\", \"values\": [\"1\", \"2\"]}]}',	1,	0,	0),
(66,	'Display Settings',	'Display Settings',	'-',	'Company',	63,	2,	NULL,	'2025-04-04 08:26:33',	'2025-04-04 08:26:33',	1,	'{\"info\": [{\"key\": \"access_on_themes\", \"title\": \"Access on Themes\", \"values\": \"\"}], \"implementation\": [{\"key\": \"allow_to_configure_themes\", \"title\": \"Allow to configure themes\", \"values\": [\"input_field\"]}]}',	1,	0,	0),
(67,	'Time Tracking',	'Monitoring',	'-',	'Company',	64,	2,	NULL,	'2025-04-04 08:26:33',	'2025-04-04 08:26:33',	1,	'{\"info\": [{\"key\": \"access_on_time_tracking\", \"title\": \"Access on Time Tracking\", \"values\": \"\"}, {\"key\": \"allow_access_of_auto_tracking\", \"title\": \"Allow access of Auto tracking\", \"values\": \"\"}, {\"key\": \"allow_access_of_timesheet\", \"title\": \"Allow access of Timesheet\", \"values\": \"\"}, {\"key\": \"allow_access_of_web_app_tracking\", \"title\": \"Allow access of Web & App Tracking\", \"values\": \"\"}, {\"key\": \"allow_access_of_capture_screen\", \"title\": \"Allow access of Capture Screen\", \"values\": \"\"}, {\"key\": \"allow_access_of_idle_time\", \"title\": \"Allow access of Idle Time\", \"values\": \"\"}], \"implementation\": [{\"key\": \"limit_the_duration_of_capture_screen\", \"title\": \"Limit the Duration of Capture Screen ( # Min )\", \"values\": [\"10\", \"20\", \"30\"]}, {\"key\": \"limit_the_frequency_of_capture_screen\", \"title\": \"Limit the  Frequency of Capture Screen\", \"values\": [\"1\", \"2\", \"3\", \"4\", \"5\", \"6\", \"7\", \"8\", \"9\", \"10\", \"11\", \"12\"]}, {\"key\": \"limit_the_duration_of_idle_time\", \"title\": \"Limit the  Duration of Idle Time ( # Min )\", \"values\": [\"10\", \"20\", \"30\"]}, {\"key\": \"limit_the_approval_of_idle_time\", \"title\": \"Limit the  Approval of Idle Time\", \"values\": [\"accept\", \"reject\", \"both\", \"all\"]}, {\"key\": \"limit_the_idle_to_inactive_of_idle_time\", \"title\": \"Limit the  Idle to inactive of Idle Time\", \"values\": [\"0\", \"1\", \"2\", \"3\", \"4\", \"5\", \"6\", \"7\", \"8\", \"9\", \"10\", \"11\", \"12\", \"13\", \"14\", \"15\", \"16\", \"17\", \"18\"]}, {\"key\": \"allow_to_limit_tracking_mode\", \"title\": \"Allow to Limit tracking mode\", \"values\": [\"1\", \"2\", \"3\"]}, {\"key\": \"enable_web_app_tracking\", \"title\": \"Allow to Limit web & app tracking\", \"values\": [\"1\", \"2\"]}]}',	1,	0,	0),
(68,	'Others',	'Monitoring',	'-',	'Company',	64,	2,	NULL,	'2025-04-04 08:26:33',	'2025-04-04 08:26:33',	2,	'{\"info\": [{\"key\": \"access_on_online_offline_storage\", \"title\": \"Access on Online/Offline Storage\", \"values\": \"\"}], \"implementation\": [{\"key\": \"limit_the_storage_of_local_data\", \"title\": \"Limit the storage of local data ( # Hours )\", \"values\": [\"0\", \"1\", \"2\", \"3\", \"4\", \"5\", \"6\", \"7\", \"8\", \"9\", \"10\", \"11\", \"12\", \"13\", \"14\", \"15\", \"16\", \"17\", \"18\"]}, {\"key\": \"limit_the_modification_of_time_entry\", \"title\": \"Limit the Modification of Time entry ( # Days )\", \"values\": [\"0\", \"1\", \"3\", \"7\", \"15\", \"30\", \"45\", \"60\", \"90\"]}]}',	1,	0,	0),
(70,	'Off Days Calendar',	'Monitoring',	'-',	'Company',	63,	2,	NULL,	'2025-04-04 08:26:33',	'2025-04-04 08:26:33',	4,	'{\"info\": [{\"key\": \"access_on_holidays_calendar\", \"title\": \"Access on Holidays Calendar\", \"values\": \"\"}], \"implementation\": [{\"key\": \"allow_to_configure_off_days_calendar\", \"title\": \"allow to configure off days calendar\", \"values\": [\"1\", \"2\"]}]}',	1,	0,	0),
(71,	'Course Time Report',	'Training Reports',	'module-reports/course-time-reports',	'course_time_report_icon',	78,	1,	NULL,	'2025-04-04 08:26:33',	'2025-04-04 08:26:33',	1,	'{\"info\": [{\"key\": \"access_on_course_time\", \"title\": \"Access on Course Time\", \"values\": \"\"}], \"implementation\": []}',	1,	19,	0),
(72,	'Course Performance Report',	'Training Reports',	'module-reports/course-performance-reports',	'course_performance_report_icon',	78,	1,	NULL,	'2025-04-04 08:26:33',	'2025-04-04 08:26:33',	2,	'{\"info\": [{\"key\": \"access_on_course_performance\", \"title\": \"Access on Course Performance\", \"values\": \"\"}], \"implementation\": []}',	1,	19,	0),
(73,	'My Assignments',	NULL,	'my-assignments',	'my_Assignments_icon',	0,	1,	NULL,	'2025-04-04 08:26:33',	'2025-04-04 08:26:33',	2,	'{\"info\": [], \"implementation\": []}',	1,	0,	0),
(74,	'My Tasks',	'User assigned task only',	'mytask/list',	'myTasks',	73,	1,	NULL,	'2025-04-04 08:26:33',	'2025-04-04 08:26:33',	2,	'{\"info\": [{\"key\": \"access_on_tasks\", \"title\": \"Access on Tasks\", \"values\": \"\"}], \"implementation\": [{\"key\": \"limit_the_number_of_assigned_tasks\", \"title\": \"Limit the number of assigned Tasks\", \"values\": [\"unlimited\", \"none\", \"input_field\"]}]}',	1,	0,	0),
(75,	'My Timesheet',	'User Timesheet only',	'mytimesheet',	'myTimesheet',	73,	1,	NULL,	'2025-04-04 08:26:33',	'2025-04-04 08:26:33',	4,	'{\"info\": [{\"key\": \"access_on_tasks\", \"title\": \"Access on Tasks\", \"values\": \"\"}], \"implementation\": [{\"key\": \"of_days_allowed_for_a_manual_time_entry\", \"title\": \"# of Days Allowed for a manual time entry\", \"values\": [\"unlimited\", \"none\", \"input_field\"]}]}',	1,	0,	0),
(76,	'My Snapshots',	'User Snapshots only',	'mysnapshots',	'mySnapshots',	73,	1,	NULL,	'2025-04-04 08:26:33',	'2025-04-04 08:26:33',	3,	'{\"info\": [{\"key\": \"access_on_snapshots\", \"title\": \"Access on Snapshots\", \"values\": \"\"}], \"implementation\": []}',	1,	0,	0),
(77,	'Scheduling Management',	'Scheduling Management',	'',	'Scheduling_Management',	0,	1,	NULL,	'2025-04-04 08:26:33',	'2025-04-04 08:26:33',	7,	'{\"info\": [], \"implementation\": []}',	1,	0,	0),
(78,	'Reports',	NULL,	'module-reports',	'Reports',	0,	1,	NULL,	'2025-04-04 08:26:33',	'2025-04-04 08:26:33',	8,	'{\"info\": [], \"implementation\": []}',	1,	0,	0),
(79,	'Short Time Report',	NULL,	'module-reports/short-time-report',	'short_time_report',	78,	1,	NULL,	'2025-04-04 08:26:33',	'2025-04-04 08:26:33',	8,	'{\"info\": [{\"key\": \"access_on_team_work\", \"title\": \"Access on Team Work\", \"values\": \"\"}], \"implementation\": []}',	1,	13,	0),
(80,	'Over Time Report',	NULL,	'module-reports/over-time-report',	'over_time_report',	78,	1,	NULL,	'2025-04-04 08:26:33',	'2025-04-04 08:26:33',	9,	'{\"info\": [{\"key\": \"access_on_team_work\", \"title\": \"Access on Team Work\", \"values\": \"\"}], \"implementation\": []}',	1,	13,	0),
(81,	'Billing',	'Billing',	'module-billing/billing',	'module_billing_icon',	0,	1,	NULL,	'2025-04-04 08:26:33',	'2025-04-04 08:26:33',	10,	'{\"info\": [], \"implementation\": []}',	1,	0,	0),
(82,	'Idle Time Approval',	NULL,	'idle-time-approval',	'idle_time_approval',	22,	1,	NULL,	'2025-04-04 08:26:33',	'2025-04-04 08:26:33',	4,	'{\"info\": [], \"implementation\": []}',	1,	0,	0),
(83,	'User Productivity',	NULL,	'productive-report',	'productive_report',	78,	1,	NULL,	'2025-04-04 08:26:33',	'2025-04-04 08:26:33',	7,	'{\"info\": [], \"implementation\": []}',	1,	0,	0),
(84,	'Work Day Summary',	NULL,	'module-reports/work-day-reports',	'work_day_report_icon',	78,	1,	NULL,	'2025-04-04 08:26:33',	'2025-04-04 08:26:33',	10,	'{\"info\": [{\"key\": \"access_on_work_day_summary\", \"title\": \"Access on Work Day Summary\", \"values\": \"\"}], \"implementation\": []}',	1,	13,	0),
(85,	'Attendance',	'Attendance',	'-',	'Company',	44,	2,	NULL,	'2025-04-04 08:26:33',	'2025-04-04 08:26:33',	1,	'{\"info\": [{\"key\": \"access_on_attendance\", \"title\": \"Access on attendance\", \"values\": \"\"}], \"implementation\": [{\"key\": \"allow_to_access_attendance\", \"title\": \"Allow to access attendance\", \"values\": [\"1\", \"2\"]}]}',	1,	0,	0);

DROP TABLE IF EXISTS `notifications`;
CREATE TABLE `notifications` (
  `id` char(36) NOT NULL,
  `type` varchar(255) NOT NULL,
  `notifiable_type` varchar(255) NOT NULL,
  `notifiable_id` bigint unsigned NOT NULL,
  `data` text NOT NULL,
  `read_at` timestamp NULL DEFAULT NULL,
  `created_at` timestamp NULL DEFAULT NULL,
  `updated_at` timestamp NULL DEFAULT NULL,
  PRIMARY KEY (`id`),
  KEY `notifications_notifiable_type_notifiable_id_index` (`notifiable_type`,`notifiable_id`)
) ENGINE=InnoDB DEFAULT CHARSET=utf8mb4 COLLATE=utf8mb4_unicode_ci;


DROP TABLE IF EXISTS `payment_transactions`;
CREATE TABLE `payment_transactions` (
  `sacci_id` int unsigned NOT NULL AUTO_INCREMENT,
  `super_admin_id` int NOT NULL,
  `response_obj` text,
  `description` varchar(255) DEFAULT NULL,
  `deleted_at` timestamp NOT NULL,
  `created_at` timestamp NULL DEFAULT NULL,
  `updated_at` timestamp NULL DEFAULT NULL,
  PRIMARY KEY (`sacci_id`)
) ENGINE=InnoDB DEFAULT CHARSET=utf8mb4 COLLATE=utf8mb4_unicode_ci;


DROP TABLE IF EXISTS `permissions`;
CREATE TABLE `permissions` (
  `id` int unsigned NOT NULL AUTO_INCREMENT,
  `type` varchar(45) DEFAULT NULL,
  `description` varchar(45) DEFAULT NULL,
  PRIMARY KEY (`id`)
) ENGINE=InnoDB DEFAULT CHARSET=utf8mb4 COLLATE=utf8mb4_unicode_ci;

INSERT INTO `permissions` (`id`, `type`, `description`) VALUES
(1,	'Add',	'Can Add'),
(2,	'Edit',	'Can Edit'),
(3,	'View',	'Can View'),
(4,	'Delete',	'Can Delete');

DROP TABLE IF EXISTS `plan_features_detail`;
CREATE TABLE `plan_features_detail` (
  `pfd_id` int unsigned NOT NULL AUTO_INCREMENT,
  `plan_id` int unsigned NOT NULL,
  `feature_id` int unsigned NOT NULL,
  `deleted_at` timestamp NOT NULL,
  `created_at` timestamp NULL DEFAULT NULL,
  `updated_at` timestamp NULL DEFAULT NULL,
  PRIMARY KEY (`pfd_id`),
  KEY `plan_features_detail_plan_id_foreign` (`plan_id`),
  KEY `plan_features_detail_feature_id_foreign` (`feature_id`),
  CONSTRAINT `plan_features_detail_feature_id_foreign` FOREIGN KEY (`feature_id`) REFERENCES `system_features` (`pf_id`),
  CONSTRAINT `plan_features_detail_plan_id_foreign` FOREIGN KEY (`plan_id`) REFERENCES `plans` (`plan_id`)
) ENGINE=InnoDB DEFAULT CHARSET=utf8mb4 COLLATE=utf8mb4_unicode_ci;


DROP TABLE IF EXISTS `plans`;
CREATE TABLE `plans` (
  `plan_id` int unsigned NOT NULL AUTO_INCREMENT,
  `name` varchar(255) NOT NULL,
  `deleted_at` timestamp NOT NULL,
  `created_at` timestamp NULL DEFAULT NULL,
  `updated_at` timestamp NULL DEFAULT NULL,
  PRIMARY KEY (`plan_id`)
) ENGINE=InnoDB DEFAULT CHARSET=utf8mb4 COLLATE=utf8mb4_unicode_ci;


DROP TABLE IF EXISTS `profile_modules`;
CREATE TABLE `profile_modules` (
  `id` int unsigned NOT NULL AUTO_INCREMENT,
  `module_id` int unsigned NOT NULL,
  `permission_id` int unsigned NOT NULL,
  `profile_id` int unsigned NOT NULL,
  `status` tinyint DEFAULT NULL,
  `permanent_disabled` tinyint DEFAULT NULL,
  `created_at` timestamp NULL DEFAULT NULL,
  `updated_at` timestamp NULL DEFAULT NULL,
  PRIMARY KEY (`id`),
  KEY `profile_modules_module_id_foreign` (`module_id`),
  KEY `profile_modules_permission_id_foreign` (`permission_id`),
  KEY `profile_modules_profile_id_foreign` (`profile_id`),
  CONSTRAINT `profile_modules_module_id_foreign` FOREIGN KEY (`module_id`) REFERENCES `modules` (`id`),
  CONSTRAINT `profile_modules_permission_id_foreign` FOREIGN KEY (`permission_id`) REFERENCES `permissions` (`id`),
  CONSTRAINT `profile_modules_profile_id_foreign` FOREIGN KEY (`profile_id`) REFERENCES `profiles` (`id`)
) ENGINE=InnoDB DEFAULT CHARSET=utf8mb4 COLLATE=utf8mb4_unicode_ci;

INSERT INTO `profile_modules` (`id`, `module_id`, `permission_id`, `profile_id`, `status`, `permanent_disabled`, `created_at`, `updated_at`) VALUES
(1,	1,	1,	5,	0,	0,	'2025-04-04 08:26:32',	'2025-04-04 08:26:32'),
(2,	1,	2,	5,	0,	0,	'2025-04-04 08:26:32',	'2025-04-04 08:26:32'),
(3,	1,	3,	5,	0,	0,	'2025-04-04 08:26:32',	'2025-04-04 08:26:32'),
(4,	1,	4,	5,	0,	0,	'2025-04-04 08:26:32',	'2025-04-04 08:26:32'),
(5,	2,	1,	5,	0,	0,	'2025-04-04 08:26:32',	'2025-04-04 08:26:32'),
(6,	2,	2,	5,	0,	0,	'2025-04-04 08:26:32',	'2025-04-04 08:26:32'),
(7,	2,	3,	5,	0,	0,	'2025-04-04 08:26:32',	'2025-04-04 08:26:32'),
(8,	2,	4,	5,	0,	0,	'2025-04-04 08:26:32',	'2025-04-04 08:26:32'),
(9,	5,	1,	5,	0,	0,	'2025-04-04 08:26:32',	'2025-04-04 08:26:32'),
(10,	5,	2,	5,	0,	0,	'2025-04-04 08:26:32',	'2025-04-04 08:26:32'),
(11,	5,	3,	5,	0,	0,	'2025-04-04 08:26:32',	'2025-04-04 08:26:32'),
(12,	5,	4,	5,	0,	0,	'2025-04-04 08:26:32',	'2025-04-04 08:26:32'),
(13,	9,	1,	5,	0,	0,	'2025-04-04 08:26:32',	'2025-04-04 08:26:32'),
(14,	9,	2,	5,	0,	0,	'2025-04-04 08:26:32',	'2025-04-04 08:26:32'),
(15,	9,	3,	5,	0,	0,	'2025-04-04 08:26:32',	'2025-04-04 08:26:32'),
(16,	9,	4,	5,	0,	0,	'2025-04-04 08:26:32',	'2025-04-04 08:26:32'),
(17,	11,	1,	5,	0,	0,	'2025-04-04 08:26:32',	'2025-04-04 08:26:32'),
(18,	11,	2,	5,	0,	0,	'2025-04-04 08:26:32',	'2025-04-04 08:26:32'),
(19,	11,	3,	5,	0,	0,	'2025-04-04 08:26:32',	'2025-04-04 08:26:32'),
(20,	11,	4,	5,	0,	0,	'2025-04-04 08:26:32',	'2025-04-04 08:26:32'),
(21,	12,	1,	5,	0,	0,	'2025-04-04 08:26:32',	'2025-04-04 08:26:32'),
(22,	12,	2,	5,	0,	0,	'2025-04-04 08:26:32',	'2025-04-04 08:26:32'),
(23,	12,	3,	5,	0,	0,	'2025-04-04 08:26:32',	'2025-04-04 08:26:32'),
(24,	12,	4,	5,	0,	0,	'2025-04-04 08:26:32',	'2025-04-04 08:26:32'),
(25,	13,	1,	5,	0,	0,	'2025-04-04 08:26:32',	'2025-04-04 08:26:32'),
(26,	13,	2,	5,	0,	0,	'2025-04-04 08:26:32',	'2025-04-04 08:26:32'),
(27,	13,	3,	5,	0,	0,	'2025-04-04 08:26:32',	'2025-04-04 08:26:32'),
(28,	13,	4,	5,	0,	0,	'2025-04-04 08:26:32',	'2025-04-04 08:26:32'),
(29,	14,	1,	5,	0,	0,	'2025-04-04 08:26:32',	'2025-04-04 08:26:32'),
(30,	14,	2,	5,	0,	0,	'2025-04-04 08:26:32',	'2025-04-04 08:26:32'),
(31,	14,	3,	5,	0,	0,	'2025-04-04 08:26:32',	'2025-04-04 08:26:32'),
(32,	14,	4,	5,	0,	0,	'2025-04-04 08:26:32',	'2025-04-04 08:26:32'),
(33,	15,	1,	5,	0,	0,	'2025-04-04 08:26:32',	'2025-04-04 08:26:32'),
(34,	15,	2,	5,	0,	0,	'2025-04-04 08:26:32',	'2025-04-04 08:26:32'),
(35,	15,	3,	5,	0,	0,	'2025-04-04 08:26:32',	'2025-04-04 08:26:32'),
(36,	15,	4,	5,	0,	0,	'2025-04-04 08:26:32',	'2025-04-04 08:26:32'),
(37,	18,	1,	5,	0,	0,	'2025-04-04 08:26:32',	'2025-04-04 08:26:32'),
(38,	18,	2,	5,	0,	0,	'2025-04-04 08:26:32',	'2025-04-04 08:26:32'),
(39,	18,	3,	5,	0,	0,	'2025-04-04 08:26:32',	'2025-04-04 08:26:32'),
(40,	18,	4,	5,	0,	0,	'2025-04-04 08:26:32',	'2025-04-04 08:26:32'),
(41,	19,	1,	5,	0,	0,	'2025-04-04 08:26:32',	'2025-04-04 08:26:32'),
(42,	19,	2,	5,	0,	0,	'2025-04-04 08:26:32',	'2025-04-04 08:26:32'),
(43,	19,	3,	5,	0,	0,	'2025-04-04 08:26:32',	'2025-04-04 08:26:32'),
(44,	19,	4,	5,	0,	0,	'2025-04-04 08:26:32',	'2025-04-04 08:26:32'),
(45,	22,	1,	5,	0,	0,	'2025-04-04 08:26:32',	'2025-04-04 08:26:32'),
(46,	22,	2,	5,	0,	0,	'2025-04-04 08:26:32',	'2025-04-04 08:26:32'),
(47,	22,	3,	5,	0,	0,	'2025-04-04 08:26:32',	'2025-04-04 08:26:32'),
(48,	22,	4,	5,	0,	0,	'2025-04-04 08:26:32',	'2025-04-04 08:26:32'),
(49,	25,	1,	5,	0,	0,	'2025-04-04 08:26:32',	'2025-04-04 08:26:32'),
(50,	25,	2,	5,	0,	0,	'2025-04-04 08:26:32',	'2025-04-04 08:26:32'),
(51,	25,	3,	5,	0,	0,	'2025-04-04 08:26:32',	'2025-04-04 08:26:32'),
(52,	25,	4,	5,	0,	0,	'2025-04-04 08:26:32',	'2025-04-04 08:26:32'),
(53,	26,	1,	5,	0,	0,	'2025-04-04 08:26:32',	'2025-04-04 08:26:32'),
(54,	26,	2,	5,	0,	0,	'2025-04-04 08:26:32',	'2025-04-04 08:26:32'),
(55,	26,	3,	5,	0,	0,	'2025-04-04 08:26:32',	'2025-04-04 08:26:32'),
(56,	26,	4,	5,	0,	0,	'2025-04-04 08:26:32',	'2025-04-04 08:26:32'),
(57,	27,	1,	5,	0,	0,	'2025-04-04 08:26:32',	'2025-04-04 08:26:32'),
(58,	27,	2,	5,	0,	0,	'2025-04-04 08:26:32',	'2025-04-04 08:26:32'),
(59,	27,	3,	5,	0,	0,	'2025-04-04 08:26:32',	'2025-04-04 08:26:32'),
(60,	27,	4,	5,	0,	0,	'2025-04-04 08:26:32',	'2025-04-04 08:26:32'),
(61,	28,	1,	5,	0,	0,	'2025-04-04 08:26:32',	'2025-04-04 08:26:32'),
(62,	28,	2,	5,	0,	0,	'2025-04-04 08:26:32',	'2025-04-04 08:26:32'),
(63,	28,	3,	5,	0,	0,	'2025-04-04 08:26:32',	'2025-04-04 08:26:32'),
(64,	28,	4,	5,	0,	0,	'2025-04-04 08:26:32',	'2025-04-04 08:26:32'),
(65,	29,	1,	5,	0,	0,	'2025-04-04 08:26:32',	'2025-04-04 08:26:32'),
(66,	29,	2,	5,	0,	0,	'2025-04-04 08:26:32',	'2025-04-04 08:26:32'),
(67,	29,	3,	5,	0,	0,	'2025-04-04 08:26:32',	'2025-04-04 08:26:32'),
(68,	29,	4,	5,	0,	0,	'2025-04-04 08:26:32',	'2025-04-04 08:26:32'),
(69,	30,	1,	5,	0,	0,	'2025-04-04 08:26:32',	'2025-04-04 08:26:32'),
(70,	30,	2,	5,	0,	0,	'2025-04-04 08:26:32',	'2025-04-04 08:26:32'),
(71,	30,	3,	5,	0,	0,	'2025-04-04 08:26:32',	'2025-04-04 08:26:32'),
(72,	30,	4,	5,	0,	0,	'2025-04-04 08:26:32',	'2025-04-04 08:26:32'),
(73,	31,	1,	5,	0,	0,	'2025-04-04 08:26:32',	'2025-04-04 08:26:32'),
(74,	31,	2,	5,	0,	0,	'2025-04-04 08:26:32',	'2025-04-04 08:26:32'),
(75,	31,	3,	5,	0,	0,	'2025-04-04 08:26:32',	'2025-04-04 08:26:32'),
(76,	31,	4,	5,	0,	0,	'2025-04-04 08:26:32',	'2025-04-04 08:26:32'),
(77,	37,	1,	5,	0,	0,	'2025-04-04 08:26:32',	'2025-04-04 08:26:32'),
(78,	37,	2,	5,	0,	0,	'2025-04-04 08:26:32',	'2025-04-04 08:26:32'),
(79,	37,	3,	5,	0,	0,	'2025-04-04 08:26:32',	'2025-04-04 08:26:32'),
(80,	37,	4,	5,	0,	0,	'2025-04-04 08:26:32',	'2025-04-04 08:26:32'),
(81,	40,	1,	5,	0,	0,	'2025-04-04 08:26:32',	'2025-04-04 08:26:32'),
(82,	40,	2,	5,	0,	0,	'2025-04-04 08:26:32',	'2025-04-04 08:26:32'),
(83,	40,	3,	5,	0,	0,	'2025-04-04 08:26:32',	'2025-04-04 08:26:32'),
(84,	40,	4,	5,	0,	0,	'2025-04-04 08:26:32',	'2025-04-04 08:26:32'),
(85,	42,	1,	5,	0,	0,	'2025-04-04 08:26:32',	'2025-04-04 08:26:32'),
(86,	42,	2,	5,	0,	0,	'2025-04-04 08:26:32',	'2025-04-04 08:26:32'),
(87,	42,	3,	5,	0,	0,	'2025-04-04 08:26:32',	'2025-04-04 08:26:32'),
(88,	42,	4,	5,	0,	0,	'2025-04-04 08:26:32',	'2025-04-04 08:26:32'),
(89,	43,	1,	5,	0,	0,	'2025-04-04 08:26:32',	'2025-04-04 08:26:32'),
(90,	43,	2,	5,	0,	0,	'2025-04-04 08:26:32',	'2025-04-04 08:26:32'),
(91,	43,	3,	5,	0,	0,	'2025-04-04 08:26:32',	'2025-04-04 08:26:32'),
(92,	43,	4,	5,	0,	0,	'2025-04-04 08:26:32',	'2025-04-04 08:26:32'),
(93,	44,	1,	5,	0,	0,	'2025-04-04 08:26:32',	'2025-04-04 08:26:32'),
(94,	44,	2,	5,	0,	0,	'2025-04-04 08:26:32',	'2025-04-04 08:26:32'),
(95,	44,	3,	5,	0,	0,	'2025-04-04 08:26:32',	'2025-04-04 08:26:32'),
(96,	44,	4,	5,	0,	0,	'2025-04-04 08:26:32',	'2025-04-04 08:26:32'),
(97,	47,	1,	5,	0,	0,	'2025-04-04 08:26:32',	'2025-04-04 08:26:32'),
(98,	47,	2,	5,	0,	0,	'2025-04-04 08:26:32',	'2025-04-04 08:26:32'),
(99,	47,	3,	5,	0,	0,	'2025-04-04 08:26:32',	'2025-04-04 08:26:32'),
(100,	47,	4,	5,	0,	0,	'2025-04-04 08:26:32',	'2025-04-04 08:26:32'),
(101,	48,	1,	5,	0,	0,	'2025-04-04 08:26:32',	'2025-04-04 08:26:32'),
(102,	48,	2,	5,	0,	0,	'2025-04-04 08:26:32',	'2025-04-04 08:26:32'),
(103,	48,	3,	5,	0,	0,	'2025-04-04 08:26:32',	'2025-04-04 08:26:32'),
(104,	48,	4,	5,	0,	0,	'2025-04-04 08:26:32',	'2025-04-04 08:26:32'),
(105,	49,	1,	5,	0,	0,	'2025-04-04 08:26:32',	'2025-04-04 08:26:32'),
(106,	49,	2,	5,	0,	0,	'2025-04-04 08:26:32',	'2025-04-04 08:26:32'),
(107,	49,	3,	5,	0,	0,	'2025-04-04 08:26:32',	'2025-04-04 08:26:32'),
(108,	49,	4,	5,	0,	0,	'2025-04-04 08:26:32',	'2025-04-04 08:26:32'),
(109,	50,	1,	5,	0,	0,	'2025-04-04 08:26:32',	'2025-04-04 08:26:32'),
(110,	50,	2,	5,	0,	0,	'2025-04-04 08:26:32',	'2025-04-04 08:26:32'),
(111,	50,	3,	5,	0,	0,	'2025-04-04 08:26:32',	'2025-04-04 08:26:32'),
(112,	50,	4,	5,	0,	0,	'2025-04-04 08:26:32',	'2025-04-04 08:26:32'),
(113,	51,	1,	5,	0,	0,	'2025-04-04 08:26:32',	'2025-04-04 08:26:32'),
(114,	51,	2,	5,	0,	0,	'2025-04-04 08:26:32',	'2025-04-04 08:26:32'),
(115,	51,	3,	5,	0,	0,	'2025-04-04 08:26:32',	'2025-04-04 08:26:32'),
(116,	51,	4,	5,	0,	0,	'2025-04-04 08:26:32',	'2025-04-04 08:26:32'),
(117,	52,	1,	5,	0,	0,	'2025-04-04 08:26:32',	'2025-04-04 08:26:32'),
(118,	52,	2,	5,	0,	0,	'2025-04-04 08:26:32',	'2025-04-04 08:26:32'),
(119,	52,	3,	5,	0,	0,	'2025-04-04 08:26:32',	'2025-04-04 08:26:32'),
(120,	52,	4,	5,	0,	0,	'2025-04-04 08:26:32',	'2025-04-04 08:26:32'),
(121,	54,	1,	5,	0,	0,	'2025-04-04 08:26:32',	'2025-04-04 08:26:32'),
(122,	54,	2,	5,	0,	0,	'2025-04-04 08:26:32',	'2025-04-04 08:26:32'),
(123,	54,	3,	5,	0,	0,	'2025-04-04 08:26:32',	'2025-04-04 08:26:32'),
(124,	54,	4,	5,	0,	0,	'2025-04-04 08:26:32',	'2025-04-04 08:26:32'),
(125,	56,	1,	5,	0,	0,	'2025-04-04 08:26:32',	'2025-04-04 08:26:32'),
(126,	56,	2,	5,	0,	0,	'2025-04-04 08:26:32',	'2025-04-04 08:26:32'),
(127,	56,	3,	5,	0,	0,	'2025-04-04 08:26:32',	'2025-04-04 08:26:32'),
(128,	56,	4,	5,	0,	0,	'2025-04-04 08:26:32',	'2025-04-04 08:26:32'),
(129,	57,	1,	5,	0,	0,	'2025-04-04 08:26:32',	'2025-04-04 08:26:32'),
(130,	57,	2,	5,	0,	0,	'2025-04-04 08:26:32',	'2025-04-04 08:26:32'),
(131,	57,	3,	5,	0,	0,	'2025-04-04 08:26:32',	'2025-04-04 08:26:32'),
(132,	57,	4,	5,	0,	0,	'2025-04-04 08:26:32',	'2025-04-04 08:26:32'),
(133,	58,	1,	5,	0,	0,	'2025-04-04 08:26:32',	'2025-04-04 08:26:32'),
(134,	58,	2,	5,	0,	0,	'2025-04-04 08:26:32',	'2025-04-04 08:26:32'),
(135,	58,	3,	5,	0,	0,	'2025-04-04 08:26:32',	'2025-04-04 08:26:32'),
(136,	58,	4,	5,	0,	0,	'2025-04-04 08:26:32',	'2025-04-04 08:26:32'),
(137,	59,	1,	5,	0,	0,	'2025-04-04 08:26:32',	'2025-04-04 08:26:32'),
(138,	59,	2,	5,	0,	0,	'2025-04-04 08:26:32',	'2025-04-04 08:26:32'),
(139,	59,	3,	5,	0,	0,	'2025-04-04 08:26:32',	'2025-04-04 08:26:32'),
(140,	59,	4,	5,	0,	0,	'2025-04-04 08:26:32',	'2025-04-04 08:26:32'),
(141,	60,	1,	5,	0,	0,	'2025-04-04 08:26:32',	'2025-04-04 08:26:32'),
(142,	60,	2,	5,	0,	0,	'2025-04-04 08:26:32',	'2025-04-04 08:26:32'),
(143,	60,	3,	5,	0,	0,	'2025-04-04 08:26:32',	'2025-04-04 08:26:32'),
(144,	60,	4,	5,	0,	0,	'2025-04-04 08:26:32',	'2025-04-04 08:26:32'),
(145,	61,	1,	5,	0,	0,	'2025-04-04 08:26:32',	'2025-04-04 08:26:32'),
(146,	61,	2,	5,	0,	0,	'2025-04-04 08:26:32',	'2025-04-04 08:26:32'),
(147,	61,	3,	5,	0,	0,	'2025-04-04 08:26:32',	'2025-04-04 08:26:32'),
(148,	61,	4,	5,	0,	0,	'2025-04-04 08:26:32',	'2025-04-04 08:26:32'),
(149,	62,	1,	5,	0,	0,	'2025-04-04 08:26:32',	'2025-04-04 08:26:32'),
(150,	62,	2,	5,	0,	0,	'2025-04-04 08:26:32',	'2025-04-04 08:26:32'),
(151,	62,	3,	5,	0,	0,	'2025-04-04 08:26:32',	'2025-04-04 08:26:32'),
(152,	62,	4,	5,	0,	0,	'2025-04-04 08:26:32',	'2025-04-04 08:26:32'),
(153,	63,	1,	5,	0,	0,	'2025-04-04 08:26:32',	'2025-04-04 08:26:32'),
(154,	63,	2,	5,	0,	0,	'2025-04-04 08:26:32',	'2025-04-04 08:26:32'),
(155,	63,	3,	5,	0,	0,	'2025-04-04 08:26:32',	'2025-04-04 08:26:32'),
(156,	63,	4,	5,	0,	0,	'2025-04-04 08:26:32',	'2025-04-04 08:26:32'),
(157,	64,	1,	5,	0,	0,	'2025-04-04 08:26:32',	'2025-04-04 08:26:32'),
(158,	64,	2,	5,	0,	0,	'2025-04-04 08:26:32',	'2025-04-04 08:26:32'),
(159,	64,	3,	5,	0,	0,	'2025-04-04 08:26:32',	'2025-04-04 08:26:32'),
(160,	64,	4,	5,	0,	0,	'2025-04-04 08:26:32',	'2025-04-04 08:26:32'),
(161,	65,	1,	5,	0,	0,	'2025-04-04 08:26:32',	'2025-04-04 08:26:32'),
(162,	65,	2,	5,	0,	0,	'2025-04-04 08:26:32',	'2025-04-04 08:26:32'),
(163,	65,	3,	5,	0,	0,	'2025-04-04 08:26:32',	'2025-04-04 08:26:32'),
(164,	65,	4,	5,	0,	0,	'2025-04-04 08:26:32',	'2025-04-04 08:26:32'),
(165,	66,	1,	5,	0,	0,	'2025-04-04 08:26:32',	'2025-04-04 08:26:32'),
(166,	66,	2,	5,	0,	0,	'2025-04-04 08:26:32',	'2025-04-04 08:26:32'),
(167,	66,	3,	5,	0,	0,	'2025-04-04 08:26:32',	'2025-04-04 08:26:32'),
(168,	66,	4,	5,	0,	0,	'2025-04-04 08:26:32',	'2025-04-04 08:26:32'),
(169,	67,	1,	5,	0,	0,	'2025-04-04 08:26:32',	'2025-04-04 08:26:32'),
(170,	67,	2,	5,	0,	0,	'2025-04-04 08:26:32',	'2025-04-04 08:26:32'),
(171,	67,	3,	5,	0,	0,	'2025-04-04 08:26:32',	'2025-04-04 08:26:32'),
(172,	67,	4,	5,	0,	0,	'2025-04-04 08:26:32',	'2025-04-04 08:26:32'),
(173,	68,	1,	5,	0,	0,	'2025-04-04 08:26:32',	'2025-04-04 08:26:32'),
(174,	68,	2,	5,	0,	0,	'2025-04-04 08:26:32',	'2025-04-04 08:26:32'),
(175,	68,	3,	5,	0,	0,	'2025-04-04 08:26:32',	'2025-04-04 08:26:32'),
(176,	68,	4,	5,	0,	0,	'2025-04-04 08:26:32',	'2025-04-04 08:26:32'),
(177,	69,	1,	5,	0,	0,	'2025-04-04 08:26:32',	'2025-04-04 08:26:32'),
(178,	69,	2,	5,	0,	0,	'2025-04-04 08:26:32',	'2025-04-04 08:26:32'),
(179,	69,	3,	5,	0,	0,	'2025-04-04 08:26:32',	'2025-04-04 08:26:32'),
(180,	69,	4,	5,	0,	0,	'2025-04-04 08:26:32',	'2025-04-04 08:26:32'),
(181,	70,	1,	5,	0,	0,	'2025-04-04 08:26:32',	'2025-04-04 08:26:32'),
(182,	70,	2,	5,	0,	0,	'2025-04-04 08:26:32',	'2025-04-04 08:26:32'),
(183,	70,	3,	5,	0,	0,	'2025-04-04 08:26:32',	'2025-04-04 08:26:32'),
(184,	70,	4,	5,	0,	0,	'2025-04-04 08:26:32',	'2025-04-04 08:26:32'),
(185,	71,	1,	5,	0,	0,	'2025-04-04 08:26:32',	'2025-04-04 08:26:32'),
(186,	71,	2,	5,	0,	0,	'2025-04-04 08:26:32',	'2025-04-04 08:26:32'),
(187,	71,	3,	5,	0,	0,	'2025-04-04 08:26:32',	'2025-04-04 08:26:32'),
(188,	71,	4,	5,	0,	0,	'2025-04-04 08:26:32',	'2025-04-04 08:26:32'),
(189,	72,	1,	5,	0,	0,	'2025-04-04 08:26:32',	'2025-04-04 08:26:32'),
(190,	72,	2,	5,	0,	0,	'2025-04-04 08:26:32',	'2025-04-04 08:26:32'),
(191,	72,	3,	5,	0,	0,	'2025-04-04 08:26:32',	'2025-04-04 08:26:32'),
(192,	72,	4,	5,	0,	0,	'2025-04-04 08:26:32',	'2025-04-04 08:26:32'),
(193,	73,	1,	5,	0,	0,	'2025-04-04 08:26:32',	'2025-04-04 08:26:32'),
(194,	73,	2,	5,	0,	0,	'2025-04-04 08:26:32',	'2025-04-04 08:26:32'),
(195,	73,	3,	5,	0,	0,	'2025-04-04 08:26:32',	'2025-04-04 08:26:32'),
(196,	73,	4,	5,	0,	0,	'2025-04-04 08:26:32',	'2025-04-04 08:26:32'),
(197,	74,	1,	5,	0,	0,	'2025-04-04 08:26:32',	'2025-04-04 08:26:32'),
(198,	74,	2,	5,	0,	0,	'2025-04-04 08:26:32',	'2025-04-04 08:26:32'),
(199,	74,	3,	5,	0,	0,	'2025-04-04 08:26:32',	'2025-04-04 08:26:32'),
(200,	74,	4,	5,	0,	0,	'2025-04-04 08:26:32',	'2025-04-04 08:26:32'),
(201,	75,	1,	5,	0,	0,	'2025-04-04 08:26:32',	'2025-04-04 08:26:32'),
(202,	75,	2,	5,	0,	0,	'2025-04-04 08:26:32',	'2025-04-04 08:26:32'),
(203,	75,	3,	5,	0,	0,	'2025-04-04 08:26:32',	'2025-04-04 08:26:32'),
(204,	75,	4,	5,	0,	0,	'2025-04-04 08:26:32',	'2025-04-04 08:26:32'),
(205,	76,	1,	5,	0,	0,	'2025-04-04 08:26:32',	'2025-04-04 08:26:32'),
(206,	76,	2,	5,	0,	0,	'2025-04-04 08:26:32',	'2025-04-04 08:26:32'),
(207,	76,	3,	5,	0,	0,	'2025-04-04 08:26:32',	'2025-04-04 08:26:32'),
(208,	76,	4,	5,	0,	0,	'2025-04-04 08:26:32',	'2025-04-04 08:26:32'),
(209,	77,	1,	5,	0,	0,	'2025-04-04 08:26:32',	'2025-04-04 08:26:32'),
(210,	77,	2,	5,	0,	0,	'2025-04-04 08:26:32',	'2025-04-04 08:26:32'),
(211,	77,	3,	5,	0,	0,	'2025-04-04 08:26:32',	'2025-04-04 08:26:32'),
(212,	77,	4,	5,	0,	0,	'2025-04-04 08:26:32',	'2025-04-04 08:26:32'),
(213,	78,	1,	5,	0,	0,	'2025-04-04 08:26:32',	'2025-04-04 08:26:32'),
(214,	78,	2,	5,	0,	0,	'2025-04-04 08:26:32',	'2025-04-04 08:26:32'),
(215,	78,	3,	5,	0,	0,	'2025-04-04 08:26:32',	'2025-04-04 08:26:32'),
(216,	78,	4,	5,	0,	0,	'2025-04-04 08:26:32',	'2025-04-04 08:26:32'),
(217,	79,	1,	5,	0,	0,	'2025-04-04 08:26:32',	'2025-04-04 08:26:32'),
(218,	79,	2,	5,	0,	0,	'2025-04-04 08:26:32',	'2025-04-04 08:26:32'),
(219,	79,	3,	5,	0,	0,	'2025-04-04 08:26:32',	'2025-04-04 08:26:32'),
(220,	79,	4,	5,	0,	0,	'2025-04-04 08:26:32',	'2025-04-04 08:26:32'),
(221,	80,	1,	5,	0,	0,	'2025-04-04 08:26:32',	'2025-04-04 08:26:32'),
(222,	80,	2,	5,	0,	0,	'2025-04-04 08:26:32',	'2025-04-04 08:26:32'),
(223,	80,	3,	5,	0,	0,	'2025-04-04 08:26:32',	'2025-04-04 08:26:32'),
(224,	80,	4,	5,	0,	0,	'2025-04-04 08:26:32',	'2025-04-04 08:26:32'),
(225,	81,	1,	5,	0,	0,	'2025-04-04 08:26:32',	'2025-04-04 08:26:32'),
(226,	81,	2,	5,	0,	0,	'2025-04-04 08:26:32',	'2025-04-04 08:26:32'),
(227,	81,	3,	5,	0,	0,	'2025-04-04 08:26:32',	'2025-04-04 08:26:32'),
(228,	81,	4,	5,	0,	0,	'2025-04-04 08:26:32',	'2025-04-04 08:26:32'),
(229,	82,	1,	5,	0,	0,	'2025-04-04 08:26:32',	'2025-04-04 08:26:32'),
(230,	82,	2,	5,	0,	0,	'2025-04-04 08:26:32',	'2025-04-04 08:26:32'),
(231,	82,	3,	5,	0,	0,	'2025-04-04 08:26:32',	'2025-04-04 08:26:32'),
(232,	82,	4,	5,	0,	0,	'2025-04-04 08:26:32',	'2025-04-04 08:26:32'),
(233,	83,	1,	5,	0,	0,	'2025-04-04 08:26:32',	'2025-04-04 08:26:32'),
(234,	83,	2,	5,	0,	0,	'2025-04-04 08:26:32',	'2025-04-04 08:26:32'),
(235,	83,	3,	5,	0,	0,	'2025-04-04 08:26:32',	'2025-04-04 08:26:32'),
(236,	83,	4,	5,	0,	0,	'2025-04-04 08:26:32',	'2025-04-04 08:26:32'),
(237,	84,	1,	5,	0,	0,	'2025-04-04 08:26:32',	'2025-04-04 08:26:32'),
(238,	84,	2,	5,	0,	0,	'2025-04-04 08:26:32',	'2025-04-04 08:26:32'),
(239,	84,	3,	5,	0,	0,	'2025-04-04 08:26:32',	'2025-04-04 08:26:32'),
(240,	84,	4,	5,	0,	0,	'2025-04-04 08:26:32',	'2025-04-04 08:26:32'),
(241,	1,	1,	4,	1,	0,	'2025-04-04 08:26:32',	'2025-04-04 08:26:32'),
(242,	1,	2,	4,	1,	0,	'2025-04-04 08:26:32',	'2025-04-04 08:26:32'),
(243,	1,	3,	4,	1,	0,	'2025-04-04 08:26:32',	'2025-04-04 08:26:32'),
(244,	1,	4,	4,	1,	0,	'2025-04-04 08:26:32',	'2025-04-04 08:26:32'),
(245,	2,	1,	4,	1,	0,	'2025-04-04 08:26:32',	'2025-04-04 08:26:32'),
(246,	2,	2,	4,	1,	0,	'2025-04-04 08:26:32',	'2025-04-04 08:26:32'),
(247,	2,	3,	4,	1,	0,	'2025-04-04 08:26:32',	'2025-04-04 08:26:32'),
(248,	2,	4,	4,	1,	0,	'2025-04-04 08:26:32',	'2025-04-04 08:26:32'),
(249,	5,	1,	4,	1,	0,	'2025-04-04 08:26:32',	'2025-04-04 08:26:32'),
(250,	5,	2,	4,	1,	0,	'2025-04-04 08:26:32',	'2025-04-04 08:26:32'),
(251,	5,	3,	4,	1,	0,	'2025-04-04 08:26:32',	'2025-04-04 08:26:32'),
(252,	5,	4,	4,	1,	0,	'2025-04-04 08:26:32',	'2025-04-04 08:26:32'),
(253,	9,	1,	4,	1,	0,	'2025-04-04 08:26:32',	'2025-04-04 08:26:32'),
(254,	9,	2,	4,	1,	0,	'2025-04-04 08:26:32',	'2025-04-04 08:26:32'),
(255,	9,	3,	4,	1,	0,	'2025-04-04 08:26:32',	'2025-04-04 08:26:32'),
(256,	9,	4,	4,	1,	0,	'2025-04-04 08:26:32',	'2025-04-04 08:26:32'),
(257,	11,	1,	4,	1,	0,	'2025-04-04 08:26:32',	'2025-04-04 08:26:32'),
(258,	11,	2,	4,	1,	0,	'2025-04-04 08:26:32',	'2025-04-04 08:26:32'),
(259,	11,	3,	4,	0,	0,	'2025-04-04 08:26:32',	'2025-04-04 08:26:32'),
(260,	11,	4,	4,	1,	0,	'2025-04-04 08:26:32',	'2025-04-04 08:26:32'),
(261,	12,	1,	4,	1,	0,	'2025-04-04 08:26:32',	'2025-04-04 08:26:32'),
(262,	12,	2,	4,	1,	0,	'2025-04-04 08:26:32',	'2025-04-04 08:26:32'),
(263,	12,	3,	4,	1,	0,	'2025-04-04 08:26:32',	'2025-04-04 08:26:32'),
(264,	12,	4,	4,	1,	0,	'2025-04-04 08:26:32',	'2025-04-04 08:26:32'),
(265,	13,	1,	4,	1,	0,	'2025-04-04 08:26:32',	'2025-04-04 08:26:32'),
(266,	13,	2,	4,	1,	0,	'2025-04-04 08:26:32',	'2025-04-04 08:26:32'),
(267,	13,	3,	4,	1,	0,	'2025-04-04 08:26:32',	'2025-04-04 08:26:32'),
(268,	13,	4,	4,	1,	0,	'2025-04-04 08:26:32',	'2025-04-04 08:26:32'),
(269,	14,	1,	4,	1,	0,	'2025-04-04 08:26:32',	'2025-04-04 08:26:32'),
(270,	14,	2,	4,	1,	0,	'2025-04-04 08:26:32',	'2025-04-04 08:26:32'),
(271,	14,	3,	4,	1,	0,	'2025-04-04 08:26:32',	'2025-04-04 08:26:32'),
(272,	14,	4,	4,	1,	0,	'2025-04-04 08:26:32',	'2025-04-04 08:26:32'),
(273,	15,	1,	4,	1,	0,	'2025-04-04 08:26:32',	'2025-04-04 08:26:32'),
(274,	15,	2,	4,	1,	0,	'2025-04-04 08:26:32',	'2025-04-04 08:26:32'),
(275,	15,	3,	4,	0,	0,	'2025-04-04 08:26:32',	'2025-04-04 08:26:32'),
(276,	15,	4,	4,	1,	0,	'2025-04-04 08:26:32',	'2025-04-04 08:26:32'),
(277,	16,	1,	4,	1,	0,	'2025-04-04 08:26:32',	'2025-04-04 08:26:32'),
(278,	16,	2,	4,	1,	0,	'2025-04-04 08:26:32',	'2025-04-04 08:26:32'),
(279,	16,	3,	4,	1,	0,	'2025-04-04 08:26:32',	'2025-04-04 08:26:32'),
(280,	16,	4,	4,	1,	0,	'2025-04-04 08:26:32',	'2025-04-04 08:26:32'),
(281,	18,	1,	4,	1,	0,	'2025-04-04 08:26:32',	'2025-04-04 08:26:32'),
(282,	18,	2,	4,	1,	0,	'2025-04-04 08:26:32',	'2025-04-04 08:26:32'),
(283,	18,	3,	4,	1,	0,	'2025-04-04 08:26:32',	'2025-04-04 08:26:32'),
(284,	18,	4,	4,	1,	0,	'2025-04-04 08:26:32',	'2025-04-04 08:26:32'),
(285,	19,	1,	4,	1,	0,	'2025-04-04 08:26:32',	'2025-04-04 08:26:32'),
(286,	19,	2,	4,	1,	0,	'2025-04-04 08:26:32',	'2025-04-04 08:26:32'),
(287,	19,	3,	4,	1,	0,	'2025-04-04 08:26:32',	'2025-04-04 08:26:32'),
(288,	19,	4,	4,	1,	0,	'2025-04-04 08:26:32',	'2025-04-04 08:26:32'),
(289,	22,	1,	4,	1,	0,	'2025-04-04 08:26:32',	'2025-04-04 08:26:32'),
(290,	22,	2,	4,	1,	0,	'2025-04-04 08:26:32',	'2025-04-04 08:26:32'),
(291,	22,	3,	4,	1,	0,	'2025-04-04 08:26:32',	'2025-04-04 08:26:32'),
(292,	22,	4,	4,	1,	0,	'2025-04-04 08:26:32',	'2025-04-04 08:26:32'),
(293,	25,	1,	4,	1,	0,	'2025-04-04 08:26:32',	'2025-04-04 08:26:32'),
(294,	25,	2,	4,	1,	0,	'2025-04-04 08:26:32',	'2025-04-04 08:26:32'),
(295,	25,	3,	4,	1,	0,	'2025-04-04 08:26:32',	'2025-04-04 08:26:32'),
(296,	25,	4,	4,	1,	0,	'2025-04-04 08:26:32',	'2025-04-04 08:26:32'),
(297,	26,	1,	4,	1,	0,	'2025-04-04 08:26:32',	'2025-04-04 08:26:32'),
(298,	26,	2,	4,	1,	0,	'2025-04-04 08:26:32',	'2025-04-04 08:26:32'),
(299,	26,	3,	4,	1,	0,	'2025-04-04 08:26:32',	'2025-04-04 08:26:32'),
(300,	26,	4,	4,	1,	0,	'2025-04-04 08:26:32',	'2025-04-04 08:26:32'),
(301,	27,	1,	4,	1,	0,	'2025-04-04 08:26:32',	'2025-04-04 08:26:32'),
(302,	27,	2,	4,	1,	0,	'2025-04-04 08:26:32',	'2025-04-04 08:26:32'),
(303,	27,	3,	4,	1,	0,	'2025-04-04 08:26:32',	'2025-04-04 08:26:32'),
(304,	27,	4,	4,	1,	0,	'2025-04-04 08:26:32',	'2025-04-04 08:26:32'),
(305,	28,	1,	4,	1,	0,	'2025-04-04 08:26:32',	'2025-04-04 08:26:32'),
(306,	28,	2,	4,	1,	0,	'2025-04-04 08:26:32',	'2025-04-04 08:26:32'),
(307,	28,	3,	4,	1,	0,	'2025-04-04 08:26:32',	'2025-04-04 08:26:32'),
(308,	28,	4,	4,	1,	0,	'2025-04-04 08:26:32',	'2025-04-04 08:26:32'),
(309,	29,	1,	4,	1,	0,	'2025-04-04 08:26:32',	'2025-04-04 08:26:32'),
(310,	29,	2,	4,	1,	0,	'2025-04-04 08:26:32',	'2025-04-04 08:26:32'),
(311,	29,	3,	4,	1,	0,	'2025-04-04 08:26:32',	'2025-04-04 08:26:32'),
(312,	29,	4,	4,	1,	0,	'2025-04-04 08:26:32',	'2025-04-04 08:26:32'),
(313,	30,	1,	4,	1,	0,	'2025-04-04 08:26:32',	'2025-04-04 08:26:32'),
(314,	30,	2,	4,	1,	0,	'2025-04-04 08:26:32',	'2025-04-04 08:26:32'),
(315,	30,	3,	4,	1,	0,	'2025-04-04 08:26:32',	'2025-04-04 08:26:32'),
(316,	30,	4,	4,	1,	0,	'2025-04-04 08:26:32',	'2025-04-04 08:26:32'),
(317,	31,	1,	4,	1,	0,	'2025-04-04 08:26:32',	'2025-04-04 08:26:32'),
(318,	31,	2,	4,	1,	0,	'2025-04-04 08:26:32',	'2025-04-04 08:26:32'),
(319,	31,	3,	4,	1,	0,	'2025-04-04 08:26:32',	'2025-04-04 08:26:32'),
(320,	31,	4,	4,	1,	0,	'2025-04-04 08:26:32',	'2025-04-04 08:26:32'),
(321,	37,	1,	4,	1,	0,	'2025-04-04 08:26:32',	'2025-04-04 08:26:32'),
(322,	37,	2,	4,	1,	0,	'2025-04-04 08:26:32',	'2025-04-04 08:26:32'),
(323,	37,	3,	4,	1,	0,	'2025-04-04 08:26:32',	'2025-04-04 08:26:32'),
(324,	37,	4,	4,	1,	0,	'2025-04-04 08:26:32',	'2025-04-04 08:26:32'),
(325,	40,	1,	4,	1,	0,	'2025-04-04 08:26:32',	'2025-04-04 08:26:32'),
(326,	40,	2,	4,	1,	0,	'2025-04-04 08:26:32',	'2025-04-04 08:26:32'),
(327,	40,	3,	4,	1,	0,	'2025-04-04 08:26:32',	'2025-04-04 08:26:32'),
(328,	40,	4,	4,	1,	0,	'2025-04-04 08:26:32',	'2025-04-04 08:26:32'),
(329,	42,	1,	4,	1,	0,	'2025-04-04 08:26:32',	'2025-04-04 08:26:32'),
(330,	42,	2,	4,	1,	0,	'2025-04-04 08:26:32',	'2025-04-04 08:26:32'),
(331,	42,	3,	4,	1,	0,	'2025-04-04 08:26:32',	'2025-04-04 08:26:32'),
(332,	42,	4,	4,	1,	0,	'2025-04-04 08:26:32',	'2025-04-04 08:26:32'),
(333,	43,	1,	4,	1,	0,	'2025-04-04 08:26:32',	'2025-04-04 08:26:32'),
(334,	43,	2,	4,	1,	0,	'2025-04-04 08:26:32',	'2025-04-04 08:26:32'),
(335,	43,	3,	4,	1,	0,	'2025-04-04 08:26:32',	'2025-04-04 08:26:32'),
(336,	43,	4,	4,	1,	0,	'2025-04-04 08:26:32',	'2025-04-04 08:26:32'),
(337,	44,	1,	4,	1,	0,	'2025-04-04 08:26:32',	'2025-04-04 08:26:32'),
(338,	44,	2,	4,	1,	0,	'2025-04-04 08:26:32',	'2025-04-04 08:26:32'),
(339,	44,	3,	4,	1,	0,	'2025-04-04 08:26:32',	'2025-04-04 08:26:32'),
(340,	44,	4,	4,	1,	0,	'2025-04-04 08:26:32',	'2025-04-04 08:26:32'),
(341,	47,	1,	4,	1,	0,	'2025-04-04 08:26:32',	'2025-04-04 08:26:32'),
(342,	47,	2,	4,	1,	0,	'2025-04-04 08:26:32',	'2025-04-04 08:26:32'),
(343,	47,	3,	4,	1,	0,	'2025-04-04 08:26:32',	'2025-04-04 08:26:32'),
(344,	47,	4,	4,	1,	0,	'2025-04-04 08:26:32',	'2025-04-04 08:26:32'),
(345,	48,	1,	4,	1,	0,	'2025-04-04 08:26:32',	'2025-04-04 08:26:32'),
(346,	48,	2,	4,	1,	0,	'2025-04-04 08:26:32',	'2025-04-04 08:26:32'),
(347,	48,	3,	4,	1,	0,	'2025-04-04 08:26:32',	'2025-04-04 08:26:32'),
(348,	48,	4,	4,	1,	0,	'2025-04-04 08:26:32',	'2025-04-04 08:26:32'),
(349,	49,	1,	4,	1,	0,	'2025-04-04 08:26:32',	'2025-04-04 08:26:32'),
(350,	49,	2,	4,	1,	0,	'2025-04-04 08:26:32',	'2025-04-04 08:26:32'),
(351,	49,	3,	4,	0,	0,	'2025-04-04 08:26:32',	'2025-04-04 08:26:32'),
(352,	49,	4,	4,	1,	0,	'2025-04-04 08:26:32',	'2025-04-04 08:26:32'),
(353,	50,	1,	4,	1,	0,	'2025-04-04 08:26:32',	'2025-04-04 08:26:32'),
(354,	50,	2,	4,	1,	0,	'2025-04-04 08:26:32',	'2025-04-04 08:26:32'),
(355,	50,	3,	4,	1,	0,	'2025-04-04 08:26:32',	'2025-04-04 08:26:32'),
(356,	50,	4,	4,	1,	0,	'2025-04-04 08:26:32',	'2025-04-04 08:26:32'),
(357,	51,	1,	4,	1,	0,	'2025-04-04 08:26:32',	'2025-04-04 08:26:32'),
(358,	51,	2,	4,	1,	0,	'2025-04-04 08:26:32',	'2025-04-04 08:26:32'),
(359,	51,	3,	4,	1,	0,	'2025-04-04 08:26:32',	'2025-04-04 08:26:32'),
(360,	51,	4,	4,	1,	0,	'2025-04-04 08:26:32',	'2025-04-04 08:26:32'),
(361,	52,	1,	4,	1,	0,	'2025-04-04 08:26:32',	'2025-04-04 08:26:32'),
(362,	52,	2,	4,	1,	0,	'2025-04-04 08:26:32',	'2025-04-04 08:26:32'),
(363,	52,	3,	4,	1,	0,	'2025-04-04 08:26:32',	'2025-04-04 08:26:32'),
(364,	52,	4,	4,	1,	0,	'2025-04-04 08:26:32',	'2025-04-04 08:26:32'),
(365,	54,	1,	4,	1,	0,	'2025-04-04 08:26:32',	'2025-04-04 08:26:32'),
(366,	54,	2,	4,	1,	0,	'2025-04-04 08:26:32',	'2025-04-04 08:26:32'),
(367,	54,	3,	4,	1,	0,	'2025-04-04 08:26:32',	'2025-04-04 08:26:32'),
(368,	54,	4,	4,	1,	0,	'2025-04-04 08:26:32',	'2025-04-04 08:26:32'),
(369,	56,	1,	4,	1,	0,	'2025-04-04 08:26:32',	'2025-04-04 08:26:32'),
(370,	56,	2,	4,	1,	0,	'2025-04-04 08:26:32',	'2025-04-04 08:26:32'),
(371,	56,	3,	4,	1,	0,	'2025-04-04 08:26:32',	'2025-04-04 08:26:32'),
(372,	56,	4,	4,	1,	0,	'2025-04-04 08:26:32',	'2025-04-04 08:26:32'),
(373,	57,	1,	4,	1,	0,	'2025-04-04 08:26:32',	'2025-04-04 08:26:32'),
(374,	57,	2,	4,	1,	0,	'2025-04-04 08:26:32',	'2025-04-04 08:26:32'),
(375,	57,	3,	4,	0,	0,	'2025-04-04 08:26:32',	'2025-04-04 08:26:32'),
(376,	57,	4,	4,	1,	0,	'2025-04-04 08:26:32',	'2025-04-04 08:26:32'),
(377,	58,	1,	4,	1,	0,	'2025-04-04 08:26:32',	'2025-04-04 08:26:32'),
(378,	58,	2,	4,	1,	0,	'2025-04-04 08:26:32',	'2025-04-04 08:26:32'),
(379,	58,	3,	4,	1,	0,	'2025-04-04 08:26:32',	'2025-04-04 08:26:32'),
(380,	58,	4,	4,	1,	0,	'2025-04-04 08:26:32',	'2025-04-04 08:26:32'),
(381,	59,	1,	4,	1,	0,	'2025-04-04 08:26:32',	'2025-04-04 08:26:32'),
(382,	59,	2,	4,	1,	0,	'2025-04-04 08:26:32',	'2025-04-04 08:26:32'),
(383,	59,	3,	4,	1,	0,	'2025-04-04 08:26:32',	'2025-04-04 08:26:32'),
(384,	59,	4,	4,	1,	0,	'2025-04-04 08:26:32',	'2025-04-04 08:26:32'),
(385,	60,	1,	4,	1,	0,	'2025-04-04 08:26:32',	'2025-04-04 08:26:32'),
(386,	60,	2,	4,	1,	0,	'2025-04-04 08:26:32',	'2025-04-04 08:26:32'),
(387,	60,	3,	4,	1,	0,	'2025-04-04 08:26:32',	'2025-04-04 08:26:32'),
(388,	60,	4,	4,	1,	0,	'2025-04-04 08:26:32',	'2025-04-04 08:26:32'),
(389,	61,	1,	4,	1,	0,	'2025-04-04 08:26:32',	'2025-04-04 08:26:32'),
(390,	61,	2,	4,	1,	0,	'2025-04-04 08:26:32',	'2025-04-04 08:26:32'),
(391,	61,	3,	4,	1,	0,	'2025-04-04 08:26:32',	'2025-04-04 08:26:32'),
(392,	61,	4,	4,	1,	0,	'2025-04-04 08:26:32',	'2025-04-04 08:26:32'),
(393,	62,	1,	4,	1,	0,	'2025-04-04 08:26:32',	'2025-04-04 08:26:32'),
(394,	62,	2,	4,	1,	0,	'2025-04-04 08:26:32',	'2025-04-04 08:26:32'),
(395,	62,	3,	4,	1,	0,	'2025-04-04 08:26:32',	'2025-04-04 08:26:32'),
(396,	62,	4,	4,	1,	0,	'2025-04-04 08:26:32',	'2025-04-04 08:26:32'),
(397,	63,	1,	4,	1,	0,	'2025-04-04 08:26:32',	'2025-04-04 08:26:32'),
(398,	63,	2,	4,	1,	0,	'2025-04-04 08:26:32',	'2025-04-04 08:26:32'),
(399,	63,	3,	4,	1,	0,	'2025-04-04 08:26:32',	'2025-04-04 08:26:32'),
(400,	63,	4,	4,	1,	0,	'2025-04-04 08:26:32',	'2025-04-04 08:26:32'),
(401,	64,	1,	4,	1,	0,	'2025-04-04 08:26:32',	'2025-04-04 08:26:32'),
(402,	64,	2,	4,	1,	0,	'2025-04-04 08:26:32',	'2025-04-04 08:26:32'),
(403,	64,	3,	4,	1,	0,	'2025-04-04 08:26:32',	'2025-04-04 08:26:32'),
(404,	64,	4,	4,	1,	0,	'2025-04-04 08:26:32',	'2025-04-04 08:26:32'),
(405,	65,	1,	4,	1,	0,	'2025-04-04 08:26:32',	'2025-04-04 08:26:32'),
(406,	65,	2,	4,	1,	0,	'2025-04-04 08:26:32',	'2025-04-04 08:26:32'),
(407,	65,	3,	4,	1,	0,	'2025-04-04 08:26:32',	'2025-04-04 08:26:32'),
(408,	65,	4,	4,	1,	0,	'2025-04-04 08:26:32',	'2025-04-04 08:26:32'),
(409,	66,	1,	4,	1,	0,	'2025-04-04 08:26:32',	'2025-04-04 08:26:32'),
(410,	66,	2,	4,	1,	0,	'2025-04-04 08:26:32',	'2025-04-04 08:26:32'),
(411,	66,	3,	4,	1,	0,	'2025-04-04 08:26:32',	'2025-04-04 08:26:32'),
(412,	66,	4,	4,	1,	0,	'2025-04-04 08:26:32',	'2025-04-04 08:26:32'),
(413,	67,	1,	4,	1,	0,	'2025-04-04 08:26:32',	'2025-04-04 08:26:32'),
(414,	67,	2,	4,	1,	0,	'2025-04-04 08:26:32',	'2025-04-04 08:26:32'),
(415,	67,	3,	4,	1,	0,	'2025-04-04 08:26:32',	'2025-04-04 08:26:32'),
(416,	67,	4,	4,	1,	0,	'2025-04-04 08:26:32',	'2025-04-04 08:26:32'),
(417,	68,	1,	4,	1,	0,	'2025-04-04 08:26:32',	'2025-04-04 08:26:32'),
(418,	68,	2,	4,	1,	0,	'2025-04-04 08:26:32',	'2025-04-04 08:26:32'),
(419,	68,	3,	4,	1,	0,	'2025-04-04 08:26:32',	'2025-04-04 08:26:32'),
(420,	68,	4,	4,	1,	0,	'2025-04-04 08:26:32',	'2025-04-04 08:26:32'),
(421,	69,	1,	4,	1,	0,	'2025-04-04 08:26:32',	'2025-04-04 08:26:32'),
(422,	69,	2,	4,	1,	0,	'2025-04-04 08:26:32',	'2025-04-04 08:26:32'),
(423,	69,	3,	4,	1,	0,	'2025-04-04 08:26:32',	'2025-04-04 08:26:32'),
(424,	69,	4,	4,	1,	0,	'2025-04-04 08:26:32',	'2025-04-04 08:26:32'),
(425,	70,	1,	4,	1,	0,	'2025-04-04 08:26:32',	'2025-04-04 08:26:32'),
(426,	70,	2,	4,	1,	0,	'2025-04-04 08:26:32',	'2025-04-04 08:26:32'),
(427,	70,	3,	4,	1,	0,	'2025-04-04 08:26:32',	'2025-04-04 08:26:32'),
(428,	70,	4,	4,	1,	0,	'2025-04-04 08:26:32',	'2025-04-04 08:26:32'),
(429,	71,	1,	4,	1,	0,	'2025-04-04 08:26:32',	'2025-04-04 08:26:32'),
(430,	71,	2,	4,	1,	0,	'2025-04-04 08:26:32',	'2025-04-04 08:26:32'),
(431,	71,	3,	4,	1,	0,	'2025-04-04 08:26:32',	'2025-04-04 08:26:32'),
(432,	71,	4,	4,	1,	0,	'2025-04-04 08:26:32',	'2025-04-04 08:26:32'),
(433,	72,	1,	4,	1,	0,	'2025-04-04 08:26:32',	'2025-04-04 08:26:32'),
(434,	72,	2,	4,	1,	0,	'2025-04-04 08:26:32',	'2025-04-04 08:26:32'),
(435,	72,	3,	4,	1,	0,	'2025-04-04 08:26:32',	'2025-04-04 08:26:32'),
(436,	72,	4,	4,	1,	0,	'2025-04-04 08:26:32',	'2025-04-04 08:26:32'),
(437,	73,	1,	4,	1,	0,	'2025-04-04 08:26:32',	'2025-04-04 08:26:32'),
(438,	73,	2,	4,	1,	0,	'2025-04-04 08:26:32',	'2025-04-04 08:26:32'),
(439,	73,	3,	4,	0,	0,	'2025-04-04 08:26:32',	'2025-04-04 08:26:32'),
(440,	73,	4,	4,	1,	0,	'2025-04-04 08:26:32',	'2025-04-04 08:26:32'),
(441,	74,	1,	4,	1,	0,	'2025-04-04 08:26:32',	'2025-04-04 08:26:32'),
(442,	74,	2,	4,	1,	0,	'2025-04-04 08:26:32',	'2025-04-04 08:26:32'),
(443,	74,	3,	4,	0,	0,	'2025-04-04 08:26:32',	'2025-04-04 08:26:32'),
(444,	74,	4,	4,	1,	0,	'2025-04-04 08:26:32',	'2025-04-04 08:26:32'),
(445,	75,	1,	4,	1,	0,	'2025-04-04 08:26:32',	'2025-04-04 08:26:32'),
(446,	75,	2,	4,	1,	0,	'2025-04-04 08:26:32',	'2025-04-04 08:26:32'),
(447,	75,	3,	4,	0,	0,	'2025-04-04 08:26:32',	'2025-04-04 08:26:32'),
(448,	75,	4,	4,	1,	0,	'2025-04-04 08:26:32',	'2025-04-04 08:26:32'),
(449,	76,	1,	4,	1,	0,	'2025-04-04 08:26:32',	'2025-04-04 08:26:32'),
(450,	76,	2,	4,	1,	0,	'2025-04-04 08:26:32',	'2025-04-04 08:26:32'),
(451,	76,	3,	4,	0,	0,	'2025-04-04 08:26:32',	'2025-04-04 08:26:32'),
(452,	76,	4,	4,	1,	0,	'2025-04-04 08:26:32',	'2025-04-04 08:26:32'),
(453,	77,	1,	4,	1,	0,	'2025-04-04 08:26:32',	'2025-04-04 08:26:32'),
(454,	77,	2,	4,	1,	0,	'2025-04-04 08:26:32',	'2025-04-04 08:26:32'),
(455,	77,	3,	4,	1,	0,	'2025-04-04 08:26:32',	'2025-04-04 08:26:32'),
(456,	77,	4,	4,	1,	0,	'2025-04-04 08:26:32',	'2025-04-04 08:26:32'),
(457,	78,	1,	4,	1,	0,	'2025-04-04 08:26:32',	'2025-04-04 08:26:32'),
(458,	78,	2,	4,	1,	0,	'2025-04-04 08:26:32',	'2025-04-04 08:26:32'),
(459,	78,	3,	4,	0,	0,	'2025-04-04 08:26:32',	'2025-04-04 08:26:32'),
(460,	78,	4,	4,	1,	0,	'2025-04-04 08:26:32',	'2025-04-04 08:26:32'),
(461,	79,	1,	4,	1,	0,	'2025-04-04 08:26:32',	'2025-04-04 08:26:32'),
(462,	79,	2,	4,	1,	0,	'2025-04-04 08:26:32',	'2025-04-04 08:26:32'),
(463,	79,	3,	4,	1,	0,	'2025-04-04 08:26:32',	'2025-04-04 08:26:32'),
(464,	79,	4,	4,	1,	0,	'2025-04-04 08:26:32',	'2025-04-04 08:26:32'),
(465,	80,	1,	4,	1,	0,	'2025-04-04 08:26:32',	'2025-04-04 08:26:32'),
(466,	80,	2,	4,	1,	0,	'2025-04-04 08:26:32',	'2025-04-04 08:26:32'),
(467,	80,	3,	4,	1,	0,	'2025-04-04 08:26:32',	'2025-04-04 08:26:32'),
(468,	80,	4,	4,	1,	0,	'2025-04-04 08:26:32',	'2025-04-04 08:26:32'),
(469,	82,	1,	4,	1,	0,	'2025-04-04 08:26:32',	'2025-04-04 08:26:32'),
(470,	82,	2,	4,	1,	0,	'2025-04-04 08:26:32',	'2025-04-04 08:26:32'),
(471,	82,	3,	4,	1,	0,	'2025-04-04 08:26:32',	'2025-04-04 08:26:32'),
(472,	82,	4,	4,	1,	0,	'2025-04-04 08:26:32',	'2025-04-04 08:26:32'),
(473,	83,	1,	4,	1,	0,	'2025-04-04 08:26:32',	'2025-04-04 08:26:32'),
(474,	83,	2,	4,	1,	0,	'2025-04-04 08:26:32',	'2025-04-04 08:26:32'),
(475,	83,	3,	4,	1,	0,	'2025-04-04 08:26:32',	'2025-04-04 08:26:32'),
(476,	83,	4,	4,	1,	0,	'2025-04-04 08:26:32',	'2025-04-04 08:26:32'),
(477,	84,	1,	4,	1,	0,	'2025-04-04 08:26:32',	'2025-04-04 08:26:32'),
(478,	84,	2,	4,	1,	0,	'2025-04-04 08:26:32',	'2025-04-04 08:26:32'),
(479,	84,	3,	4,	1,	0,	'2025-04-04 08:26:32',	'2025-04-04 08:26:32'),
(480,	84,	4,	4,	1,	0,	'2025-04-04 08:26:32',	'2025-04-04 08:26:32'),
(481,	1,	1,	3,	1,	0,	'2025-04-04 08:26:32',	'2025-04-04 08:26:32'),
(482,	1,	2,	3,	1,	0,	'2025-04-04 08:26:32',	'2025-04-04 08:26:32'),
(483,	1,	3,	3,	0,	0,	'2025-04-04 08:26:32',	'2025-04-04 08:26:32'),
(484,	1,	4,	3,	1,	0,	'2025-04-04 08:26:32',	'2025-04-04 08:26:32'),
(485,	2,	1,	3,	1,	0,	'2025-04-04 08:26:32',	'2025-04-04 08:26:32'),
(486,	2,	2,	3,	1,	0,	'2025-04-04 08:26:32',	'2025-04-04 08:26:32'),
(487,	2,	3,	3,	0,	0,	'2025-04-04 08:26:32',	'2025-04-04 08:26:32'),
(488,	2,	4,	3,	1,	0,	'2025-04-04 08:26:32',	'2025-04-04 08:26:32'),
(489,	5,	1,	3,	1,	0,	'2025-04-04 08:26:32',	'2025-04-04 08:26:32'),
(490,	5,	2,	3,	1,	0,	'2025-04-04 08:26:32',	'2025-04-04 08:26:32'),
(491,	5,	3,	3,	1,	0,	'2025-04-04 08:26:32',	'2025-04-04 08:26:32'),
(492,	5,	4,	3,	1,	0,	'2025-04-04 08:26:32',	'2025-04-04 08:26:32'),
(493,	9,	1,	3,	1,	0,	'2025-04-04 08:26:32',	'2025-04-04 08:26:32'),
(494,	9,	2,	3,	1,	0,	'2025-04-04 08:26:32',	'2025-04-04 08:26:32'),
(495,	9,	3,	3,	0,	0,	'2025-04-04 08:26:32',	'2025-04-04 08:26:32'),
(496,	9,	4,	3,	1,	0,	'2025-04-04 08:26:32',	'2025-04-04 08:26:32'),
(497,	11,	1,	3,	1,	0,	'2025-04-04 08:26:32',	'2025-04-04 08:26:32'),
(498,	11,	2,	3,	1,	0,	'2025-04-04 08:26:32',	'2025-04-04 08:26:32'),
(499,	11,	3,	3,	1,	0,	'2025-04-04 08:26:32',	'2025-04-04 08:26:32'),
(500,	11,	4,	3,	1,	0,	'2025-04-04 08:26:32',	'2025-04-04 08:26:32'),
(501,	12,	1,	3,	1,	0,	'2025-04-04 08:26:32',	'2025-04-04 08:26:32'),
(502,	12,	2,	3,	1,	0,	'2025-04-04 08:26:32',	'2025-04-04 08:26:32'),
(503,	12,	3,	3,	1,	0,	'2025-04-04 08:26:32',	'2025-04-04 08:26:32'),
(504,	12,	4,	3,	1,	0,	'2025-04-04 08:26:32',	'2025-04-04 08:26:32'),
(505,	13,	1,	3,	1,	0,	'2025-04-04 08:26:32',	'2025-04-04 08:26:32'),
(506,	13,	2,	3,	1,	0,	'2025-04-04 08:26:32',	'2025-04-04 08:26:32'),
(507,	13,	3,	3,	0,	0,	'2025-04-04 08:26:32',	'2025-04-04 08:26:32'),
(508,	13,	4,	3,	1,	0,	'2025-04-04 08:26:32',	'2025-04-04 08:26:32'),
(509,	14,	1,	3,	1,	0,	'2025-04-04 08:26:32',	'2025-04-04 08:26:32'),
(510,	14,	2,	3,	1,	0,	'2025-04-04 08:26:32',	'2025-04-04 08:26:32'),
(511,	14,	3,	3,	1,	0,	'2025-04-04 08:26:32',	'2025-04-04 08:26:32'),
(512,	14,	4,	3,	1,	0,	'2025-04-04 08:26:32',	'2025-04-04 08:26:32'),
(513,	15,	1,	3,	1,	0,	'2025-04-04 08:26:32',	'2025-04-04 08:26:32'),
(514,	15,	2,	3,	1,	0,	'2025-04-04 08:26:32',	'2025-04-04 08:26:32'),
(515,	15,	3,	3,	1,	0,	'2025-04-04 08:26:32',	'2025-04-04 08:26:32'),
(516,	15,	4,	3,	1,	0,	'2025-04-04 08:26:32',	'2025-04-04 08:26:32'),
(517,	16,	1,	3,	1,	0,	'2025-04-04 08:26:32',	'2025-04-04 08:26:32'),
(518,	16,	2,	3,	1,	0,	'2025-04-04 08:26:32',	'2025-04-04 08:26:32'),
(519,	16,	3,	3,	1,	0,	'2025-04-04 08:26:32',	'2025-04-04 08:26:32'),
(520,	16,	4,	3,	1,	0,	'2025-04-04 08:26:32',	'2025-04-04 08:26:32'),
(521,	18,	1,	3,	1,	0,	'2025-04-04 08:26:32',	'2025-04-04 08:26:32'),
(522,	18,	2,	3,	1,	0,	'2025-04-04 08:26:32',	'2025-04-04 08:26:32'),
(523,	18,	3,	3,	1,	0,	'2025-04-04 08:26:32',	'2025-04-04 08:26:32'),
(524,	18,	4,	3,	1,	0,	'2025-04-04 08:26:32',	'2025-04-04 08:26:32'),
(525,	19,	1,	3,	1,	0,	'2025-04-04 08:26:32',	'2025-04-04 08:26:32'),
(526,	19,	2,	3,	1,	0,	'2025-04-04 08:26:32',	'2025-04-04 08:26:32'),
(527,	19,	3,	3,	1,	0,	'2025-04-04 08:26:32',	'2025-04-04 08:26:32'),
(528,	19,	4,	3,	1,	0,	'2025-04-04 08:26:32',	'2025-04-04 08:26:32'),
(529,	22,	1,	3,	1,	0,	'2025-04-04 08:26:32',	'2025-04-04 08:26:32'),
(530,	22,	2,	3,	1,	0,	'2025-04-04 08:26:32',	'2025-04-04 08:26:32'),
(531,	22,	3,	3,	1,	0,	'2025-04-04 08:26:32',	'2025-04-04 08:26:32'),
(532,	22,	4,	3,	1,	0,	'2025-04-04 08:26:32',	'2025-04-04 08:26:32'),
(533,	25,	1,	3,	1,	0,	'2025-04-04 08:26:32',	'2025-04-04 08:26:32'),
(534,	25,	2,	3,	1,	0,	'2025-04-04 08:26:32',	'2025-04-04 08:26:32'),
(535,	25,	3,	3,	1,	0,	'2025-04-04 08:26:32',	'2025-04-04 08:26:32'),
(536,	25,	4,	3,	1,	0,	'2025-04-04 08:26:32',	'2025-04-04 08:26:32'),
(537,	26,	1,	3,	1,	0,	'2025-04-04 08:26:32',	'2025-04-04 08:26:32'),
(538,	26,	2,	3,	1,	0,	'2025-04-04 08:26:32',	'2025-04-04 08:26:32'),
(539,	26,	3,	3,	1,	0,	'2025-04-04 08:26:32',	'2025-04-04 08:26:32'),
(540,	26,	4,	3,	1,	0,	'2025-04-04 08:26:32',	'2025-04-04 08:26:32'),
(541,	27,	1,	3,	1,	0,	'2025-04-04 08:26:32',	'2025-04-04 08:26:32'),
(542,	27,	2,	3,	1,	0,	'2025-04-04 08:26:32',	'2025-04-04 08:26:32'),
(543,	27,	3,	3,	1,	0,	'2025-04-04 08:26:32',	'2025-04-04 08:26:32'),
(544,	27,	4,	3,	1,	0,	'2025-04-04 08:26:32',	'2025-04-04 08:26:32'),
(545,	28,	1,	3,	1,	0,	'2025-04-04 08:26:32',	'2025-04-04 08:26:32'),
(546,	28,	2,	3,	1,	0,	'2025-04-04 08:26:32',	'2025-04-04 08:26:32'),
(547,	28,	3,	3,	1,	0,	'2025-04-04 08:26:32',	'2025-04-04 08:26:32'),
(548,	28,	4,	3,	1,	0,	'2025-04-04 08:26:32',	'2025-04-04 08:26:32'),
(549,	29,	1,	3,	1,	0,	'2025-04-04 08:26:32',	'2025-04-04 08:26:32'),
(550,	29,	2,	3,	1,	0,	'2025-04-04 08:26:32',	'2025-04-04 08:26:32'),
(551,	29,	3,	3,	1,	0,	'2025-04-04 08:26:32',	'2025-04-04 08:26:32'),
(552,	29,	4,	3,	1,	0,	'2025-04-04 08:26:32',	'2025-04-04 08:26:32'),
(553,	30,	1,	3,	1,	0,	'2025-04-04 08:26:32',	'2025-04-04 08:26:32'),
(554,	30,	2,	3,	1,	0,	'2025-04-04 08:26:32',	'2025-04-04 08:26:32'),
(555,	30,	3,	3,	1,	0,	'2025-04-04 08:26:32',	'2025-04-04 08:26:32'),
(556,	30,	4,	3,	1,	0,	'2025-04-04 08:26:32',	'2025-04-04 08:26:32'),
(557,	31,	1,	3,	1,	0,	'2025-04-04 08:26:32',	'2025-04-04 08:26:32'),
(558,	31,	2,	3,	1,	0,	'2025-04-04 08:26:32',	'2025-04-04 08:26:32'),
(559,	31,	3,	3,	1,	0,	'2025-04-04 08:26:32',	'2025-04-04 08:26:32'),
(560,	31,	4,	3,	1,	0,	'2025-04-04 08:26:32',	'2025-04-04 08:26:32'),
(561,	37,	1,	3,	1,	0,	'2025-04-04 08:26:32',	'2025-04-04 08:26:32'),
(562,	37,	2,	3,	1,	0,	'2025-04-04 08:26:32',	'2025-04-04 08:26:32'),
(563,	37,	3,	3,	1,	0,	'2025-04-04 08:26:32',	'2025-04-04 08:26:32'),
(564,	37,	4,	3,	1,	0,	'2025-04-04 08:26:32',	'2025-04-04 08:26:32'),
(565,	40,	1,	3,	1,	0,	'2025-04-04 08:26:32',	'2025-04-04 08:26:32'),
(566,	40,	2,	3,	1,	0,	'2025-04-04 08:26:32',	'2025-04-04 08:26:32'),
(567,	40,	3,	3,	1,	0,	'2025-04-04 08:26:32',	'2025-04-04 08:26:32'),
(568,	40,	4,	3,	1,	0,	'2025-04-04 08:26:32',	'2025-04-04 08:26:32'),
(569,	42,	1,	3,	1,	0,	'2025-04-04 08:26:32',	'2025-04-04 08:26:32'),
(570,	42,	2,	3,	1,	0,	'2025-04-04 08:26:32',	'2025-04-04 08:26:32'),
(571,	42,	3,	3,	1,	0,	'2025-04-04 08:26:32',	'2025-04-04 08:26:32'),
(572,	42,	4,	3,	1,	0,	'2025-04-04 08:26:32',	'2025-04-04 08:26:32'),
(573,	43,	1,	3,	1,	0,	'2025-04-04 08:26:32',	'2025-04-04 08:26:32'),
(574,	43,	2,	3,	1,	0,	'2025-04-04 08:26:32',	'2025-04-04 08:26:32'),
(575,	43,	3,	3,	1,	0,	'2025-04-04 08:26:32',	'2025-04-04 08:26:32'),
(576,	43,	4,	3,	1,	0,	'2025-04-04 08:26:32',	'2025-04-04 08:26:32'),
(577,	44,	1,	3,	1,	0,	'2025-04-04 08:26:32',	'2025-04-04 08:26:32'),
(578,	44,	2,	3,	1,	0,	'2025-04-04 08:26:32',	'2025-04-04 08:26:32'),
(579,	44,	3,	3,	1,	0,	'2025-04-04 08:26:32',	'2025-04-04 08:26:32'),
(580,	44,	4,	3,	1,	0,	'2025-04-04 08:26:32',	'2025-04-04 08:26:32'),
(581,	47,	1,	3,	1,	0,	'2025-04-04 08:26:32',	'2025-04-04 08:26:32'),
(582,	47,	2,	3,	1,	0,	'2025-04-04 08:26:32',	'2025-04-04 08:26:32'),
(583,	47,	3,	3,	1,	0,	'2025-04-04 08:26:32',	'2025-04-04 08:26:32'),
(584,	47,	4,	3,	1,	0,	'2025-04-04 08:26:32',	'2025-04-04 08:26:32'),
(585,	48,	1,	3,	1,	0,	'2025-04-04 08:26:32',	'2025-04-04 08:26:32'),
(586,	48,	2,	3,	1,	0,	'2025-04-04 08:26:32',	'2025-04-04 08:26:32'),
(587,	48,	3,	3,	1,	0,	'2025-04-04 08:26:32',	'2025-04-04 08:26:32'),
(588,	48,	4,	3,	1,	0,	'2025-04-04 08:26:32',	'2025-04-04 08:26:32'),
(589,	49,	1,	3,	1,	0,	'2025-04-04 08:26:32',	'2025-04-04 08:26:32'),
(590,	49,	2,	3,	1,	0,	'2025-04-04 08:26:32',	'2025-04-04 08:26:32'),
(591,	49,	3,	3,	1,	0,	'2025-04-04 08:26:32',	'2025-04-04 08:26:32'),
(592,	49,	4,	3,	1,	0,	'2025-04-04 08:26:32',	'2025-04-04 08:26:32'),
(593,	50,	1,	3,	1,	0,	'2025-04-04 08:26:32',	'2025-04-04 08:26:32'),
(594,	50,	2,	3,	1,	0,	'2025-04-04 08:26:32',	'2025-04-04 08:26:32'),
(595,	50,	3,	3,	0,	0,	'2025-04-04 08:26:32',	'2025-04-04 08:26:32'),
(596,	50,	4,	3,	1,	0,	'2025-04-04 08:26:32',	'2025-04-04 08:26:32'),
(597,	51,	1,	3,	1,	0,	'2025-04-04 08:26:32',	'2025-04-04 08:26:32'),
(598,	51,	2,	3,	1,	0,	'2025-04-04 08:26:32',	'2025-04-04 08:26:32'),
(599,	51,	3,	3,	1,	0,	'2025-04-04 08:26:32',	'2025-04-04 08:26:32'),
(600,	51,	4,	3,	1,	0,	'2025-04-04 08:26:32',	'2025-04-04 08:26:32'),
(601,	52,	1,	3,	1,	0,	'2025-04-04 08:26:32',	'2025-04-04 08:26:32'),
(602,	52,	2,	3,	1,	0,	'2025-04-04 08:26:32',	'2025-04-04 08:26:32'),
(603,	52,	3,	3,	1,	0,	'2025-04-04 08:26:32',	'2025-04-04 08:26:32'),
(604,	52,	4,	3,	1,	0,	'2025-04-04 08:26:32',	'2025-04-04 08:26:32'),
(605,	54,	1,	3,	1,	0,	'2025-04-04 08:26:32',	'2025-04-04 08:26:32'),
(606,	54,	2,	3,	1,	0,	'2025-04-04 08:26:32',	'2025-04-04 08:26:32'),
(607,	54,	3,	3,	1,	0,	'2025-04-04 08:26:32',	'2025-04-04 08:26:32'),
(608,	54,	4,	3,	1,	0,	'2025-04-04 08:26:32',	'2025-04-04 08:26:32'),
(609,	56,	1,	3,	1,	0,	'2025-04-04 08:26:32',	'2025-04-04 08:26:32'),
(610,	56,	2,	3,	1,	0,	'2025-04-04 08:26:32',	'2025-04-04 08:26:32'),
(611,	56,	3,	3,	1,	0,	'2025-04-04 08:26:32',	'2025-04-04 08:26:32'),
(612,	56,	4,	3,	1,	0,	'2025-04-04 08:26:32',	'2025-04-04 08:26:32'),
(613,	57,	1,	3,	1,	0,	'2025-04-04 08:26:32',	'2025-04-04 08:26:32'),
(614,	57,	2,	3,	1,	0,	'2025-04-04 08:26:32',	'2025-04-04 08:26:32'),
(615,	57,	3,	3,	1,	0,	'2025-04-04 08:26:32',	'2025-04-04 08:26:32'),
(616,	57,	4,	3,	1,	0,	'2025-04-04 08:26:32',	'2025-04-04 08:26:32'),
(617,	58,	1,	3,	1,	0,	'2025-04-04 08:26:32',	'2025-04-04 08:26:32'),
(618,	58,	2,	3,	1,	0,	'2025-04-04 08:26:32',	'2025-04-04 08:26:32'),
(619,	58,	3,	3,	1,	0,	'2025-04-04 08:26:32',	'2025-04-04 08:26:32'),
(620,	58,	4,	3,	1,	0,	'2025-04-04 08:26:32',	'2025-04-04 08:26:32'),
(621,	59,	1,	3,	1,	0,	'2025-04-04 08:26:32',	'2025-04-04 08:26:32'),
(622,	59,	2,	3,	1,	0,	'2025-04-04 08:26:32',	'2025-04-04 08:26:32'),
(623,	59,	3,	3,	1,	0,	'2025-04-04 08:26:32',	'2025-04-04 08:26:32'),
(624,	59,	4,	3,	1,	0,	'2025-04-04 08:26:32',	'2025-04-04 08:26:32'),
(625,	60,	1,	3,	1,	0,	'2025-04-04 08:26:32',	'2025-04-04 08:26:32'),
(626,	60,	2,	3,	1,	0,	'2025-04-04 08:26:32',	'2025-04-04 08:26:32'),
(627,	60,	3,	3,	1,	0,	'2025-04-04 08:26:32',	'2025-04-04 08:26:32'),
(628,	60,	4,	3,	1,	0,	'2025-04-04 08:26:32',	'2025-04-04 08:26:32'),
(629,	61,	1,	3,	1,	0,	'2025-04-04 08:26:32',	'2025-04-04 08:26:32'),
(630,	61,	2,	3,	1,	0,	'2025-04-04 08:26:32',	'2025-04-04 08:26:32'),
(631,	61,	3,	3,	1,	0,	'2025-04-04 08:26:32',	'2025-04-04 08:26:32'),
(632,	61,	4,	3,	1,	0,	'2025-04-04 08:26:32',	'2025-04-04 08:26:32'),
(633,	62,	1,	3,	1,	0,	'2025-04-04 08:26:32',	'2025-04-04 08:26:32'),
(634,	62,	2,	3,	1,	0,	'2025-04-04 08:26:32',	'2025-04-04 08:26:32'),
(635,	62,	3,	3,	0,	0,	'2025-04-04 08:26:32',	'2025-04-04 08:26:32'),
(636,	62,	4,	3,	1,	0,	'2025-04-04 08:26:32',	'2025-04-04 08:26:32'),
(637,	63,	1,	3,	1,	0,	'2025-04-04 08:26:32',	'2025-04-04 08:26:32'),
(638,	63,	2,	3,	1,	0,	'2025-04-04 08:26:32',	'2025-04-04 08:26:32'),
(639,	63,	3,	3,	1,	0,	'2025-04-04 08:26:32',	'2025-04-04 08:26:32'),
(640,	63,	4,	3,	1,	0,	'2025-04-04 08:26:32',	'2025-04-04 08:26:32'),
(641,	64,	1,	3,	1,	0,	'2025-04-04 08:26:32',	'2025-04-04 08:26:32'),
(642,	64,	2,	3,	1,	0,	'2025-04-04 08:26:32',	'2025-04-04 08:26:32'),
(643,	64,	3,	3,	1,	0,	'2025-04-04 08:26:32',	'2025-04-04 08:26:32'),
(644,	64,	4,	3,	1,	0,	'2025-04-04 08:26:32',	'2025-04-04 08:26:32'),
(645,	65,	1,	3,	1,	0,	'2025-04-04 08:26:32',	'2025-04-04 08:26:32'),
(646,	65,	2,	3,	1,	0,	'2025-04-04 08:26:32',	'2025-04-04 08:26:32'),
(647,	65,	3,	3,	1,	0,	'2025-04-04 08:26:32',	'2025-04-04 08:26:32'),
(648,	65,	4,	3,	1,	0,	'2025-04-04 08:26:32',	'2025-04-04 08:26:32'),
(649,	66,	1,	3,	1,	0,	'2025-04-04 08:26:32',	'2025-04-04 08:26:32'),
(650,	66,	2,	3,	1,	0,	'2025-04-04 08:26:32',	'2025-04-04 08:26:32'),
(651,	66,	3,	3,	1,	0,	'2025-04-04 08:26:32',	'2025-04-04 08:26:32'),
(652,	66,	4,	3,	1,	0,	'2025-04-04 08:26:32',	'2025-04-04 08:26:32'),
(653,	67,	1,	3,	1,	0,	'2025-04-04 08:26:32',	'2025-04-04 08:26:32'),
(654,	67,	2,	3,	1,	0,	'2025-04-04 08:26:32',	'2025-04-04 08:26:32'),
(655,	67,	3,	3,	1,	0,	'2025-04-04 08:26:32',	'2025-04-04 08:26:32'),
(656,	67,	4,	3,	1,	0,	'2025-04-04 08:26:32',	'2025-04-04 08:26:32'),
(657,	68,	1,	3,	1,	0,	'2025-04-04 08:26:32',	'2025-04-04 08:26:32'),
(658,	68,	2,	3,	1,	0,	'2025-04-04 08:26:32',	'2025-04-04 08:26:32'),
(659,	68,	3,	3,	1,	0,	'2025-04-04 08:26:32',	'2025-04-04 08:26:32'),
(660,	68,	4,	3,	1,	0,	'2025-04-04 08:26:32',	'2025-04-04 08:26:32'),
(661,	69,	1,	3,	1,	0,	'2025-04-04 08:26:32',	'2025-04-04 08:26:32'),
(662,	69,	2,	3,	1,	0,	'2025-04-04 08:26:32',	'2025-04-04 08:26:32'),
(663,	69,	3,	3,	1,	0,	'2025-04-04 08:26:32',	'2025-04-04 08:26:32'),
(664,	69,	4,	3,	1,	0,	'2025-04-04 08:26:32',	'2025-04-04 08:26:32'),
(665,	70,	1,	3,	1,	0,	'2025-04-04 08:26:32',	'2025-04-04 08:26:32'),
(666,	70,	2,	3,	1,	0,	'2025-04-04 08:26:32',	'2025-04-04 08:26:32'),
(667,	70,	3,	3,	1,	0,	'2025-04-04 08:26:32',	'2025-04-04 08:26:32'),
(668,	70,	4,	3,	1,	0,	'2025-04-04 08:26:32',	'2025-04-04 08:26:32'),
(669,	71,	1,	3,	1,	0,	'2025-04-04 08:26:32',	'2025-04-04 08:26:32'),
(670,	71,	2,	3,	1,	0,	'2025-04-04 08:26:32',	'2025-04-04 08:26:32'),
(671,	71,	3,	3,	1,	0,	'2025-04-04 08:26:32',	'2025-04-04 08:26:32'),
(672,	71,	4,	3,	1,	0,	'2025-04-04 08:26:32',	'2025-04-04 08:26:32'),
(673,	72,	1,	3,	1,	0,	'2025-04-04 08:26:32',	'2025-04-04 08:26:32'),
(674,	72,	2,	3,	1,	0,	'2025-04-04 08:26:32',	'2025-04-04 08:26:32'),
(675,	72,	3,	3,	1,	0,	'2025-04-04 08:26:32',	'2025-04-04 08:26:32'),
(676,	72,	4,	3,	1,	0,	'2025-04-04 08:26:32',	'2025-04-04 08:26:32'),
(677,	73,	1,	3,	1,	0,	'2025-04-04 08:26:32',	'2025-04-04 08:26:32'),
(678,	73,	2,	3,	1,	0,	'2025-04-04 08:26:32',	'2025-04-04 08:26:32'),
(679,	73,	3,	3,	1,	0,	'2025-04-04 08:26:32',	'2025-04-04 08:26:32'),
(680,	73,	4,	3,	1,	0,	'2025-04-04 08:26:32',	'2025-04-04 08:26:32'),
(681,	74,	1,	3,	1,	0,	'2025-04-04 08:26:32',	'2025-04-04 08:26:32'),
(682,	74,	2,	3,	1,	0,	'2025-04-04 08:26:32',	'2025-04-04 08:26:32'),
(683,	74,	3,	3,	1,	0,	'2025-04-04 08:26:32',	'2025-04-04 08:26:32'),
(684,	74,	4,	3,	1,	0,	'2025-04-04 08:26:32',	'2025-04-04 08:26:32'),
(685,	75,	1,	3,	1,	0,	'2025-04-04 08:26:32',	'2025-04-04 08:26:32'),
(686,	75,	2,	3,	1,	0,	'2025-04-04 08:26:32',	'2025-04-04 08:26:32'),
(687,	75,	3,	3,	1,	0,	'2025-04-04 08:26:32',	'2025-04-04 08:26:32'),
(688,	75,	4,	3,	1,	0,	'2025-04-04 08:26:32',	'2025-04-04 08:26:32'),
(689,	76,	1,	3,	1,	0,	'2025-04-04 08:26:32',	'2025-04-04 08:26:32'),
(690,	76,	2,	3,	1,	0,	'2025-04-04 08:26:32',	'2025-04-04 08:26:32'),
(691,	76,	3,	3,	1,	0,	'2025-04-04 08:26:32',	'2025-04-04 08:26:32'),
(692,	76,	4,	3,	1,	0,	'2025-04-04 08:26:32',	'2025-04-04 08:26:32'),
(693,	77,	1,	3,	1,	0,	'2025-04-04 08:26:32',	'2025-04-04 08:26:32'),
(694,	77,	2,	3,	1,	0,	'2025-04-04 08:26:32',	'2025-04-04 08:26:32'),
(695,	77,	3,	3,	1,	0,	'2025-04-04 08:26:32',	'2025-04-04 08:26:32'),
(696,	77,	4,	3,	1,	0,	'2025-04-04 08:26:32',	'2025-04-04 08:26:32'),
(697,	78,	1,	3,	1,	0,	'2025-04-04 08:26:32',	'2025-04-04 08:26:32'),
(698,	78,	2,	3,	1,	0,	'2025-04-04 08:26:32',	'2025-04-04 08:26:32'),
(699,	78,	3,	3,	0,	0,	'2025-04-04 08:26:32',	'2025-04-04 08:26:32'),
(700,	78,	4,	3,	1,	0,	'2025-04-04 08:26:32',	'2025-04-04 08:26:32'),
(701,	79,	1,	3,	1,	0,	'2025-04-04 08:26:32',	'2025-04-04 08:26:32'),
(702,	79,	2,	3,	1,	0,	'2025-04-04 08:26:32',	'2025-04-04 08:26:32'),
(703,	79,	3,	3,	0,	0,	'2025-04-04 08:26:32',	'2025-04-04 08:26:32'),
(704,	79,	4,	3,	1,	0,	'2025-04-04 08:26:32',	'2025-04-04 08:26:32'),
(705,	80,	1,	3,	1,	0,	'2025-04-04 08:26:32',	'2025-04-04 08:26:32'),
(706,	80,	2,	3,	1,	0,	'2025-04-04 08:26:32',	'2025-04-04 08:26:32'),
(707,	80,	3,	3,	0,	0,	'2025-04-04 08:26:32',	'2025-04-04 08:26:32'),
(708,	80,	4,	3,	1,	0,	'2025-04-04 08:26:32',	'2025-04-04 08:26:32'),
(709,	82,	1,	3,	1,	0,	'2025-04-04 08:26:32',	'2025-04-04 08:26:32'),
(710,	82,	2,	3,	1,	0,	'2025-04-04 08:26:32',	'2025-04-04 08:26:32'),
(711,	82,	3,	3,	0,	0,	'2025-04-04 08:26:32',	'2025-04-04 08:26:32'),
(712,	82,	4,	3,	1,	0,	'2025-04-04 08:26:32',	'2025-04-04 08:26:32'),
(713,	83,	1,	3,	1,	0,	'2025-04-04 08:26:32',	'2025-04-04 08:26:32'),
(714,	83,	2,	3,	1,	0,	'2025-04-04 08:26:32',	'2025-04-04 08:26:32'),
(715,	83,	3,	3,	0,	0,	'2025-04-04 08:26:32',	'2025-04-04 08:26:32'),
(716,	83,	4,	3,	1,	0,	'2025-04-04 08:26:32',	'2025-04-04 08:26:32'),
(717,	84,	1,	3,	1,	0,	'2025-04-04 08:26:32',	'2025-04-04 08:26:32'),
(718,	84,	2,	3,	1,	0,	'2025-04-04 08:26:32',	'2025-04-04 08:26:32'),
(719,	84,	3,	3,	0,	0,	'2025-04-04 08:26:32',	'2025-04-04 08:26:32'),
(720,	84,	4,	3,	1,	0,	'2025-04-04 08:26:32',	'2025-04-04 08:26:32'),
(721,	1,	1,	2,	0,	0,	'2025-04-04 08:26:32',	'2025-04-04 08:26:32'),
(722,	1,	2,	2,	0,	0,	'2025-04-04 08:26:32',	'2025-04-04 08:26:32'),
(723,	1,	3,	2,	0,	0,	'2025-04-04 08:26:32',	'2025-04-04 08:26:32'),
(724,	1,	4,	2,	1,	0,	'2025-04-04 08:26:32',	'2025-04-04 08:26:32'),
(725,	2,	1,	2,	0,	0,	'2025-04-04 08:26:32',	'2025-04-04 08:26:32'),
(726,	2,	2,	2,	0,	0,	'2025-04-04 08:26:32',	'2025-04-04 08:26:32'),
(727,	2,	3,	2,	0,	0,	'2025-04-04 08:26:32',	'2025-04-04 08:26:32'),
(728,	2,	4,	2,	1,	0,	'2025-04-04 08:26:32',	'2025-04-04 08:26:32'),
(729,	5,	1,	2,	1,	0,	'2025-04-04 08:26:32',	'2025-04-04 08:26:32'),
(730,	5,	2,	2,	1,	0,	'2025-04-04 08:26:32',	'2025-04-04 08:26:32'),
(731,	5,	3,	2,	1,	0,	'2025-04-04 08:26:32',	'2025-04-04 08:26:32'),
(732,	5,	4,	2,	1,	0,	'2025-04-04 08:26:32',	'2025-04-04 08:26:32'),
(733,	9,	1,	2,	0,	0,	'2025-04-04 08:26:32',	'2025-04-04 08:26:32'),
(734,	9,	2,	2,	0,	0,	'2025-04-04 08:26:32',	'2025-04-04 08:26:32'),
(735,	9,	3,	2,	0,	0,	'2025-04-04 08:26:32',	'2025-04-04 08:26:32'),
(736,	9,	4,	2,	1,	0,	'2025-04-04 08:26:32',	'2025-04-04 08:26:32'),
(737,	11,	1,	2,	0,	0,	'2025-04-04 08:26:32',	'2025-04-04 08:26:32'),
(738,	11,	2,	2,	0,	0,	'2025-04-04 08:26:32',	'2025-04-04 08:26:32'),
(739,	11,	3,	2,	0,	0,	'2025-04-04 08:26:32',	'2025-04-04 08:26:32'),
(740,	11,	4,	2,	1,	0,	'2025-04-04 08:26:32',	'2025-04-04 08:26:32'),
(741,	12,	1,	2,	0,	0,	'2025-04-04 08:26:32',	'2025-04-04 08:26:32'),
(742,	12,	2,	2,	0,	0,	'2025-04-04 08:26:32',	'2025-04-04 08:26:32'),
(743,	12,	3,	2,	0,	0,	'2025-04-04 08:26:32',	'2025-04-04 08:26:32'),
(744,	12,	4,	2,	1,	0,	'2025-04-04 08:26:32',	'2025-04-04 08:26:32'),
(745,	13,	1,	2,	0,	0,	'2025-04-04 08:26:32',	'2025-04-04 08:26:32'),
(746,	13,	2,	2,	0,	0,	'2025-04-04 08:26:32',	'2025-04-04 08:26:32'),
(747,	13,	3,	2,	0,	0,	'2025-04-04 08:26:32',	'2025-04-04 08:26:32'),
(748,	13,	4,	2,	1,	0,	'2025-04-04 08:26:32',	'2025-04-04 08:26:32'),
(749,	14,	1,	2,	0,	0,	'2025-04-04 08:26:32',	'2025-04-04 08:26:32'),
(750,	14,	2,	2,	0,	0,	'2025-04-04 08:26:32',	'2025-04-04 08:26:32'),
(751,	14,	3,	2,	0,	0,	'2025-04-04 08:26:32',	'2025-04-04 08:26:32'),
(752,	14,	4,	2,	1,	0,	'2025-04-04 08:26:32',	'2025-04-04 08:26:32'),
(753,	15,	1,	2,	0,	0,	'2025-04-04 08:26:32',	'2025-04-04 08:26:32'),
(754,	15,	2,	2,	0,	0,	'2025-04-04 08:26:32',	'2025-04-04 08:26:32'),
(755,	15,	3,	2,	0,	0,	'2025-04-04 08:26:32',	'2025-04-04 08:26:32'),
(756,	15,	4,	2,	1,	0,	'2025-04-04 08:26:32',	'2025-04-04 08:26:32'),
(757,	18,	1,	2,	0,	0,	'2025-04-04 08:26:32',	'2025-04-04 08:26:32'),
(758,	18,	2,	2,	0,	0,	'2025-04-04 08:26:32',	'2025-04-04 08:26:32'),
(759,	18,	3,	2,	0,	0,	'2025-04-04 08:26:32',	'2025-04-04 08:26:32'),
(760,	18,	4,	2,	1,	0,	'2025-04-04 08:26:32',	'2025-04-04 08:26:32'),
(761,	19,	1,	2,	0,	0,	'2025-04-04 08:26:32',	'2025-04-04 08:26:32'),
(762,	19,	2,	2,	0,	0,	'2025-04-04 08:26:32',	'2025-04-04 08:26:32'),
(763,	19,	3,	2,	0,	0,	'2025-04-04 08:26:32',	'2025-04-04 08:26:32'),
(764,	19,	4,	2,	1,	0,	'2025-04-04 08:26:32',	'2025-04-04 08:26:32'),
(765,	22,	1,	2,	1,	0,	'2025-04-04 08:26:32',	'2025-04-04 08:26:32'),
(766,	22,	2,	2,	1,	0,	'2025-04-04 08:26:32',	'2025-04-04 08:26:32'),
(767,	22,	3,	2,	1,	0,	'2025-04-04 08:26:32',	'2025-04-04 08:26:32'),
(768,	22,	4,	2,	1,	0,	'2025-04-04 08:26:32',	'2025-04-04 08:26:32'),
(769,	25,	1,	2,	1,	0,	'2025-04-04 08:26:32',	'2025-04-04 08:26:32'),
(770,	25,	2,	2,	1,	0,	'2025-04-04 08:26:32',	'2025-04-04 08:26:32'),
(771,	25,	3,	2,	1,	0,	'2025-04-04 08:26:32',	'2025-04-04 08:26:32'),
(772,	25,	4,	2,	1,	0,	'2025-04-04 08:26:32',	'2025-04-04 08:26:32'),
(773,	26,	1,	2,	1,	0,	'2025-04-04 08:26:32',	'2025-04-04 08:26:32'),
(774,	26,	2,	2,	1,	0,	'2025-04-04 08:26:32',	'2025-04-04 08:26:32'),
(775,	26,	3,	2,	1,	0,	'2025-04-04 08:26:32',	'2025-04-04 08:26:32'),
(776,	26,	4,	2,	1,	0,	'2025-04-04 08:26:32',	'2025-04-04 08:26:32'),
(777,	27,	1,	2,	1,	0,	'2025-04-04 08:26:32',	'2025-04-04 08:26:32'),
(778,	27,	2,	2,	1,	0,	'2025-04-04 08:26:32',	'2025-04-04 08:26:32'),
(779,	27,	3,	2,	1,	0,	'2025-04-04 08:26:32',	'2025-04-04 08:26:32'),
(780,	27,	4,	2,	1,	0,	'2025-04-04 08:26:32',	'2025-04-04 08:26:32'),
(781,	28,	1,	2,	1,	0,	'2025-04-04 08:26:32',	'2025-04-04 08:26:32'),
(782,	28,	2,	2,	1,	0,	'2025-04-04 08:26:32',	'2025-04-04 08:26:32'),
(783,	28,	3,	2,	1,	0,	'2025-04-04 08:26:32',	'2025-04-04 08:26:32'),
(784,	28,	4,	2,	1,	0,	'2025-04-04 08:26:32',	'2025-04-04 08:26:32'),
(785,	29,	1,	2,	1,	0,	'2025-04-04 08:26:32',	'2025-04-04 08:26:32'),
(786,	29,	2,	2,	1,	0,	'2025-04-04 08:26:32',	'2025-04-04 08:26:32'),
(787,	29,	3,	2,	1,	0,	'2025-04-04 08:26:32',	'2025-04-04 08:26:32'),
(788,	29,	4,	2,	1,	0,	'2025-04-04 08:26:32',	'2025-04-04 08:26:32'),
(789,	30,	1,	2,	1,	0,	'2025-04-04 08:26:32',	'2025-04-04 08:26:32'),
(790,	30,	2,	2,	1,	0,	'2025-04-04 08:26:32',	'2025-04-04 08:26:32'),
(791,	30,	3,	2,	1,	0,	'2025-04-04 08:26:32',	'2025-04-04 08:26:32'),
(792,	30,	4,	2,	1,	0,	'2025-04-04 08:26:32',	'2025-04-04 08:26:32'),
(793,	31,	1,	2,	1,	0,	'2025-04-04 08:26:32',	'2025-04-04 08:26:32'),
(794,	31,	2,	2,	1,	0,	'2025-04-04 08:26:32',	'2025-04-04 08:26:32'),
(795,	31,	3,	2,	1,	0,	'2025-04-04 08:26:32',	'2025-04-04 08:26:32'),
(796,	31,	4,	2,	1,	0,	'2025-04-04 08:26:32',	'2025-04-04 08:26:32'),
(797,	37,	1,	2,	1,	0,	'2025-04-04 08:26:32',	'2025-04-04 08:26:32'),
(798,	37,	2,	2,	1,	0,	'2025-04-04 08:26:32',	'2025-04-04 08:26:32'),
(799,	37,	3,	2,	1,	0,	'2025-04-04 08:26:32',	'2025-04-04 08:26:32'),
(800,	37,	4,	2,	1,	0,	'2025-04-04 08:26:32',	'2025-04-04 08:26:32'),
(801,	40,	1,	2,	0,	0,	'2025-04-04 08:26:32',	'2025-04-04 08:26:32'),
(802,	40,	2,	2,	0,	0,	'2025-04-04 08:26:32',	'2025-04-04 08:26:32'),
(803,	40,	3,	2,	0,	0,	'2025-04-04 08:26:32',	'2025-04-04 08:26:32'),
(804,	40,	4,	2,	1,	0,	'2025-04-04 08:26:32',	'2025-04-04 08:26:32'),
(805,	42,	1,	2,	1,	0,	'2025-04-04 08:26:32',	'2025-04-04 08:26:32'),
(806,	42,	2,	2,	1,	0,	'2025-04-04 08:26:32',	'2025-04-04 08:26:32'),
(807,	42,	3,	2,	1,	0,	'2025-04-04 08:26:32',	'2025-04-04 08:26:32'),
(808,	42,	4,	2,	1,	0,	'2025-04-04 08:26:32',	'2025-04-04 08:26:32'),
(809,	43,	1,	2,	1,	0,	'2025-04-04 08:26:32',	'2025-04-04 08:26:32'),
(810,	43,	2,	2,	1,	0,	'2025-04-04 08:26:32',	'2025-04-04 08:26:32'),
(811,	43,	3,	2,	1,	0,	'2025-04-04 08:26:32',	'2025-04-04 08:26:32'),
(812,	43,	4,	2,	1,	0,	'2025-04-04 08:26:32',	'2025-04-04 08:26:32'),
(813,	44,	1,	2,	1,	0,	'2025-04-04 08:26:32',	'2025-04-04 08:26:32'),
(814,	44,	2,	2,	1,	0,	'2025-04-04 08:26:32',	'2025-04-04 08:26:32'),
(815,	44,	3,	2,	1,	0,	'2025-04-04 08:26:32',	'2025-04-04 08:26:32'),
(816,	44,	4,	2,	1,	0,	'2025-04-04 08:26:32',	'2025-04-04 08:26:32'),
(817,	47,	1,	2,	1,	0,	'2025-04-04 08:26:32',	'2025-04-04 08:26:32'),
(818,	47,	2,	2,	1,	0,	'2025-04-04 08:26:32',	'2025-04-04 08:26:32'),
(819,	47,	3,	2,	1,	0,	'2025-04-04 08:26:32',	'2025-04-04 08:26:32'),
(820,	47,	4,	2,	1,	0,	'2025-04-04 08:26:32',	'2025-04-04 08:26:32'),
(821,	48,	1,	2,	0,	0,	'2025-04-04 08:26:32',	'2025-04-04 08:26:32'),
(822,	48,	2,	2,	0,	0,	'2025-04-04 08:26:32',	'2025-04-04 08:26:32'),
(823,	48,	3,	2,	0,	0,	'2025-04-04 08:26:32',	'2025-04-04 08:26:32'),
(824,	48,	4,	2,	1,	0,	'2025-04-04 08:26:32',	'2025-04-04 08:26:32'),
(825,	49,	1,	2,	0,	0,	'2025-04-04 08:26:32',	'2025-04-04 08:26:32'),
(826,	49,	2,	2,	0,	0,	'2025-04-04 08:26:32',	'2025-04-04 08:26:32'),
(827,	49,	3,	2,	0,	0,	'2025-04-04 08:26:32',	'2025-04-04 08:26:32'),
(828,	49,	4,	2,	1,	0,	'2025-04-04 08:26:32',	'2025-04-04 08:26:32'),
(829,	50,	1,	2,	0,	0,	'2025-04-04 08:26:32',	'2025-04-04 08:26:32'),
(830,	50,	2,	2,	0,	0,	'2025-04-04 08:26:32',	'2025-04-04 08:26:32'),
(831,	50,	3,	2,	0,	0,	'2025-04-04 08:26:32',	'2025-04-04 08:26:32'),
(832,	50,	4,	2,	1,	0,	'2025-04-04 08:26:32',	'2025-04-04 08:26:32'),
(833,	51,	1,	2,	1,	0,	'2025-04-04 08:26:32',	'2025-04-04 08:26:32'),
(834,	51,	2,	2,	1,	0,	'2025-04-04 08:26:32',	'2025-04-04 08:26:32'),
(835,	51,	3,	2,	1,	0,	'2025-04-04 08:26:32',	'2025-04-04 08:26:32'),
(836,	51,	4,	2,	1,	0,	'2025-04-04 08:26:32',	'2025-04-04 08:26:32'),
(837,	52,	1,	2,	0,	0,	'2025-04-04 08:26:32',	'2025-04-04 08:26:32'),
(838,	52,	2,	2,	0,	0,	'2025-04-04 08:26:32',	'2025-04-04 08:26:32'),
(839,	52,	3,	2,	0,	0,	'2025-04-04 08:26:32',	'2025-04-04 08:26:32'),
(840,	52,	4,	2,	1,	0,	'2025-04-04 08:26:32',	'2025-04-04 08:26:32'),
(841,	54,	1,	2,	0,	0,	'2025-04-04 08:26:32',	'2025-04-04 08:26:32'),
(842,	54,	2,	2,	0,	0,	'2025-04-04 08:26:32',	'2025-04-04 08:26:32'),
(843,	54,	3,	2,	0,	0,	'2025-04-04 08:26:32',	'2025-04-04 08:26:32'),
(844,	54,	4,	2,	1,	0,	'2025-04-04 08:26:32',	'2025-04-04 08:26:32'),
(845,	56,	1,	2,	1,	0,	'2025-04-04 08:26:32',	'2025-04-04 08:26:32'),
(846,	56,	2,	2,	1,	0,	'2025-04-04 08:26:32',	'2025-04-04 08:26:32'),
(847,	56,	3,	2,	1,	0,	'2025-04-04 08:26:32',	'2025-04-04 08:26:32'),
(848,	56,	4,	2,	1,	0,	'2025-04-04 08:26:32',	'2025-04-04 08:26:32'),
(849,	57,	1,	2,	0,	0,	'2025-04-04 08:26:32',	'2025-04-04 08:26:32'),
(850,	57,	2,	2,	0,	0,	'2025-04-04 08:26:32',	'2025-04-04 08:26:32'),
(851,	57,	3,	2,	0,	0,	'2025-04-04 08:26:32',	'2025-04-04 08:26:32'),
(852,	57,	4,	2,	1,	0,	'2025-04-04 08:26:32',	'2025-04-04 08:26:32'),
(853,	58,	1,	2,	0,	0,	'2025-04-04 08:26:32',	'2025-04-04 08:26:32'),
(854,	58,	2,	2,	0,	0,	'2025-04-04 08:26:32',	'2025-04-04 08:26:32'),
(855,	58,	3,	2,	0,	0,	'2025-04-04 08:26:32',	'2025-04-04 08:26:32'),
(856,	58,	4,	2,	1,	0,	'2025-04-04 08:26:32',	'2025-04-04 08:26:32'),
(857,	59,	1,	2,	0,	0,	'2025-04-04 08:26:32',	'2025-04-04 08:26:32'),
(858,	59,	2,	2,	0,	0,	'2025-04-04 08:26:32',	'2025-04-04 08:26:32'),
(859,	59,	3,	2,	0,	0,	'2025-04-04 08:26:32',	'2025-04-04 08:26:32'),
(860,	59,	4,	2,	1,	0,	'2025-04-04 08:26:32',	'2025-04-04 08:26:32'),
(861,	60,	1,	2,	1,	0,	'2025-04-04 08:26:32',	'2025-04-04 08:26:32'),
(862,	60,	2,	2,	1,	0,	'2025-04-04 08:26:32',	'2025-04-04 08:26:32'),
(863,	60,	3,	2,	1,	0,	'2025-04-04 08:26:32',	'2025-04-04 08:26:32'),
(864,	60,	4,	2,	1,	0,	'2025-04-04 08:26:32',	'2025-04-04 08:26:32'),
(865,	61,	1,	2,	1,	0,	'2025-04-04 08:26:32',	'2025-04-04 08:26:32'),
(866,	61,	2,	2,	1,	0,	'2025-04-04 08:26:32',	'2025-04-04 08:26:32'),
(867,	61,	3,	2,	1,	0,	'2025-04-04 08:26:32',	'2025-04-04 08:26:32'),
(868,	61,	4,	2,	1,	0,	'2025-04-04 08:26:32',	'2025-04-04 08:26:32'),
(869,	62,	1,	2,	0,	0,	'2025-04-04 08:26:32',	'2025-04-04 08:26:32'),
(870,	62,	2,	2,	0,	0,	'2025-04-04 08:26:32',	'2025-04-04 08:26:32'),
(871,	62,	3,	2,	0,	0,	'2025-04-04 08:26:32',	'2025-04-04 08:26:32'),
(872,	62,	4,	2,	1,	0,	'2025-04-04 08:26:32',	'2025-04-04 08:26:32'),
(873,	63,	1,	2,	1,	0,	'2025-04-04 08:26:32',	'2025-04-04 08:26:32'),
(874,	63,	2,	2,	1,	0,	'2025-04-04 08:26:32',	'2025-04-04 08:26:32'),
(875,	63,	3,	2,	1,	0,	'2025-04-04 08:26:32',	'2025-04-04 08:26:32'),
(876,	63,	4,	2,	1,	0,	'2025-04-04 08:26:32',	'2025-04-04 08:26:32'),
(877,	64,	1,	2,	1,	0,	'2025-04-04 08:26:32',	'2025-04-04 08:26:32'),
(878,	64,	2,	2,	1,	0,	'2025-04-04 08:26:32',	'2025-04-04 08:26:32'),
(879,	64,	3,	2,	1,	0,	'2025-04-04 08:26:32',	'2025-04-04 08:26:32'),
(880,	64,	4,	2,	1,	0,	'2025-04-04 08:26:32',	'2025-04-04 08:26:32'),
(881,	65,	1,	2,	1,	0,	'2025-04-04 08:26:32',	'2025-04-04 08:26:32'),
(882,	65,	2,	2,	1,	0,	'2025-04-04 08:26:32',	'2025-04-04 08:26:32'),
(883,	65,	3,	2,	1,	0,	'2025-04-04 08:26:32',	'2025-04-04 08:26:32'),
(884,	65,	4,	2,	1,	0,	'2025-04-04 08:26:32',	'2025-04-04 08:26:32'),
(885,	66,	1,	2,	1,	0,	'2025-04-04 08:26:32',	'2025-04-04 08:26:32'),
(886,	66,	2,	2,	1,	0,	'2025-04-04 08:26:32',	'2025-04-04 08:26:32'),
(887,	66,	3,	2,	1,	0,	'2025-04-04 08:26:32',	'2025-04-04 08:26:32'),
(888,	66,	4,	2,	1,	0,	'2025-04-04 08:26:32',	'2025-04-04 08:26:32'),
(889,	67,	1,	2,	1,	0,	'2025-04-04 08:26:32',	'2025-04-04 08:26:32'),
(890,	67,	2,	2,	1,	0,	'2025-04-04 08:26:32',	'2025-04-04 08:26:32'),
(891,	67,	3,	2,	1,	0,	'2025-04-04 08:26:32',	'2025-04-04 08:26:32'),
(892,	67,	4,	2,	1,	0,	'2025-04-04 08:26:32',	'2025-04-04 08:26:32'),
(893,	68,	1,	2,	1,	0,	'2025-04-04 08:26:32',	'2025-04-04 08:26:32'),
(894,	68,	2,	2,	1,	0,	'2025-04-04 08:26:32',	'2025-04-04 08:26:32'),
(895,	68,	3,	2,	1,	0,	'2025-04-04 08:26:32',	'2025-04-04 08:26:32'),
(896,	68,	4,	2,	1,	0,	'2025-04-04 08:26:32',	'2025-04-04 08:26:32'),
(897,	69,	1,	2,	1,	0,	'2025-04-04 08:26:32',	'2025-04-04 08:26:32'),
(898,	69,	2,	2,	1,	0,	'2025-04-04 08:26:32',	'2025-04-04 08:26:32'),
(899,	69,	3,	2,	1,	0,	'2025-04-04 08:26:32',	'2025-04-04 08:26:32'),
(900,	69,	4,	2,	1,	0,	'2025-04-04 08:26:32',	'2025-04-04 08:26:32'),
(901,	70,	1,	2,	1,	0,	'2025-04-04 08:26:32',	'2025-04-04 08:26:32'),
(902,	70,	2,	2,	1,	0,	'2025-04-04 08:26:32',	'2025-04-04 08:26:32'),
(903,	70,	3,	2,	1,	0,	'2025-04-04 08:26:32',	'2025-04-04 08:26:32'),
(904,	70,	4,	2,	1,	0,	'2025-04-04 08:26:32',	'2025-04-04 08:26:32'),
(905,	71,	1,	2,	0,	0,	'2025-04-04 08:26:32',	'2025-04-04 08:26:32'),
(906,	71,	2,	2,	0,	0,	'2025-04-04 08:26:32',	'2025-04-04 08:26:32'),
(907,	71,	3,	2,	0,	0,	'2025-04-04 08:26:32',	'2025-04-04 08:26:32'),
(908,	71,	4,	2,	1,	0,	'2025-04-04 08:26:32',	'2025-04-04 08:26:32'),
(909,	72,	1,	2,	0,	0,	'2025-04-04 08:26:32',	'2025-04-04 08:26:32'),
(910,	72,	2,	2,	0,	0,	'2025-04-04 08:26:32',	'2025-04-04 08:26:32'),
(911,	72,	3,	2,	0,	0,	'2025-04-04 08:26:32',	'2025-04-04 08:26:32'),
(912,	72,	4,	2,	1,	0,	'2025-04-04 08:26:32',	'2025-04-04 08:26:32'),
(913,	73,	1,	2,	0,	0,	'2025-04-04 08:26:32',	'2025-04-04 08:26:32'),
(914,	73,	2,	2,	0,	0,	'2025-04-04 08:26:32',	'2025-04-04 08:26:32'),
(915,	73,	3,	2,	0,	0,	'2025-04-04 08:26:32',	'2025-04-04 08:26:32'),
(916,	73,	4,	2,	1,	0,	'2025-04-04 08:26:32',	'2025-04-04 08:26:32'),
(917,	74,	1,	2,	0,	0,	'2025-04-04 08:26:32',	'2025-04-04 08:26:32'),
(918,	74,	2,	2,	0,	0,	'2025-04-04 08:26:32',	'2025-04-04 08:26:32'),
(919,	74,	3,	2,	0,	0,	'2025-04-04 08:26:32',	'2025-04-04 08:26:32'),
(920,	74,	4,	2,	1,	0,	'2025-04-04 08:26:32',	'2025-04-04 08:26:32'),
(921,	75,	1,	2,	0,	0,	'2025-04-04 08:26:32',	'2025-04-04 08:26:32'),
(922,	75,	2,	2,	0,	0,	'2025-04-04 08:26:32',	'2025-04-04 08:26:32'),
(923,	75,	3,	2,	0,	0,	'2025-04-04 08:26:32',	'2025-04-04 08:26:32'),
(924,	75,	4,	2,	1,	0,	'2025-04-04 08:26:32',	'2025-04-04 08:26:32'),
(925,	76,	1,	2,	0,	0,	'2025-04-04 08:26:32',	'2025-04-04 08:26:32'),
(926,	76,	2,	2,	0,	0,	'2025-04-04 08:26:32',	'2025-04-04 08:26:32'),
(927,	76,	3,	2,	0,	0,	'2025-04-04 08:26:32',	'2025-04-04 08:26:32'),
(928,	76,	4,	2,	1,	0,	'2025-04-04 08:26:32',	'2025-04-04 08:26:32'),
(929,	77,	1,	2,	1,	0,	'2025-04-04 08:26:32',	'2025-04-04 08:26:32'),
(930,	77,	2,	2,	1,	0,	'2025-04-04 08:26:32',	'2025-04-04 08:26:32'),
(931,	77,	3,	2,	1,	0,	'2025-04-04 08:26:32',	'2025-04-04 08:26:32'),
(932,	77,	4,	2,	1,	0,	'2025-04-04 08:26:32',	'2025-04-04 08:26:32'),
(933,	78,	1,	2,	0,	0,	'2025-04-04 08:26:32',	'2025-04-04 08:26:32'),
(934,	78,	2,	2,	0,	0,	'2025-04-04 08:26:32',	'2025-04-04 08:26:32'),
(935,	78,	3,	2,	0,	0,	'2025-04-04 08:26:32',	'2025-04-04 08:26:32'),
(936,	78,	4,	2,	1,	0,	'2025-04-04 08:26:32',	'2025-04-04 08:26:32'),
(937,	79,	1,	2,	0,	0,	'2025-04-04 08:26:32',	'2025-04-04 08:26:32'),
(938,	79,	2,	2,	0,	0,	'2025-04-04 08:26:32',	'2025-04-04 08:26:32'),
(939,	79,	3,	2,	0,	0,	'2025-04-04 08:26:32',	'2025-04-04 08:26:32'),
(940,	79,	4,	2,	1,	0,	'2025-04-04 08:26:32',	'2025-04-04 08:26:32'),
(941,	80,	1,	2,	0,	0,	'2025-04-04 08:26:32',	'2025-04-04 08:26:32'),
(942,	80,	2,	2,	0,	0,	'2025-04-04 08:26:32',	'2025-04-04 08:26:32'),
(943,	80,	3,	2,	0,	0,	'2025-04-04 08:26:32',	'2025-04-04 08:26:32'),
(944,	80,	4,	2,	1,	0,	'2025-04-04 08:26:32',	'2025-04-04 08:26:32'),
(945,	82,	1,	2,	0,	0,	'2025-04-04 08:26:32',	'2025-04-04 08:26:32'),
(946,	82,	2,	2,	0,	0,	'2025-04-04 08:26:32',	'2025-04-04 08:26:32'),
(947,	82,	3,	2,	0,	0,	'2025-04-04 08:26:32',	'2025-04-04 08:26:32'),
(948,	82,	4,	2,	1,	0,	'2025-04-04 08:26:32',	'2025-04-04 08:26:32'),
(949,	83,	1,	2,	0,	0,	'2025-04-04 08:26:32',	'2025-04-04 08:26:32'),
(950,	83,	2,	2,	0,	0,	'2025-04-04 08:26:32',	'2025-04-04 08:26:32'),
(951,	83,	3,	2,	0,	0,	'2025-04-04 08:26:32',	'2025-04-04 08:26:32'),
(952,	83,	4,	2,	1,	0,	'2025-04-04 08:26:32',	'2025-04-04 08:26:32'),
(953,	84,	1,	2,	0,	0,	'2025-04-04 08:26:32',	'2025-04-04 08:26:32'),
(954,	84,	2,	2,	0,	0,	'2025-04-04 08:26:32',	'2025-04-04 08:26:32'),
(955,	84,	3,	2,	0,	0,	'2025-04-04 08:26:32',	'2025-04-04 08:26:32'),
(956,	84,	4,	2,	1,	0,	'2025-04-04 08:26:32',	'2025-04-04 08:26:32'),
(957,	1,	1,	1,	0,	0,	'2025-04-04 08:26:32',	'2025-04-04 08:26:32'),
(958,	1,	2,	1,	0,	0,	'2025-04-04 08:26:32',	'2025-04-04 08:26:32'),
(959,	1,	3,	1,	0,	0,	'2025-04-04 08:26:32',	'2025-04-04 08:26:32'),
(960,	1,	4,	1,	0,	0,	'2025-04-04 08:26:32',	'2025-04-04 08:26:32'),
(961,	2,	1,	1,	0,	0,	'2025-04-04 08:26:32',	'2025-04-04 08:26:32'),
(962,	2,	2,	1,	0,	0,	'2025-04-04 08:26:32',	'2025-04-04 08:26:32'),
(963,	2,	3,	1,	0,	0,	'2025-04-04 08:26:32',	'2025-04-04 08:26:32'),
(964,	2,	4,	1,	0,	0,	'2025-04-04 08:26:32',	'2025-04-04 08:26:32'),
(965,	5,	1,	1,	0,	0,	'2025-04-04 08:26:32',	'2025-04-04 08:26:32'),
(966,	5,	2,	1,	0,	0,	'2025-04-04 08:26:32',	'2025-04-04 08:26:32'),
(967,	5,	3,	1,	0,	0,	'2025-04-04 08:26:32',	'2025-04-04 08:26:32'),
(968,	5,	4,	1,	0,	0,	'2025-04-04 08:26:32',	'2025-04-04 08:26:32'),
(969,	9,	1,	1,	0,	0,	'2025-04-04 08:26:32',	'2025-04-04 08:26:32'),
(970,	9,	2,	1,	0,	0,	'2025-04-04 08:26:32',	'2025-04-04 08:26:32'),
(971,	9,	3,	1,	0,	0,	'2025-04-04 08:26:32',	'2025-04-04 08:26:32'),
(972,	9,	4,	1,	0,	0,	'2025-04-04 08:26:32',	'2025-04-04 08:26:32'),
(973,	11,	1,	1,	0,	0,	'2025-04-04 08:26:32',	'2025-04-04 08:26:32'),
(974,	11,	2,	1,	0,	0,	'2025-04-04 08:26:32',	'2025-04-04 08:26:32'),
(975,	11,	3,	1,	0,	0,	'2025-04-04 08:26:32',	'2025-04-04 08:26:32'),
(976,	11,	4,	1,	0,	0,	'2025-04-04 08:26:32',	'2025-04-04 08:26:32'),
(977,	12,	1,	1,	0,	0,	'2025-04-04 08:26:32',	'2025-04-04 08:26:32'),
(978,	12,	2,	1,	0,	0,	'2025-04-04 08:26:32',	'2025-04-04 08:26:32'),
(979,	12,	3,	1,	0,	0,	'2025-04-04 08:26:32',	'2025-04-04 08:26:32'),
(980,	12,	4,	1,	0,	0,	'2025-04-04 08:26:32',	'2025-04-04 08:26:32'),
(981,	13,	1,	1,	0,	0,	'2025-04-04 08:26:32',	'2025-04-04 08:26:32'),
(982,	13,	2,	1,	0,	0,	'2025-04-04 08:26:32',	'2025-04-04 08:26:32'),
(983,	13,	3,	1,	0,	0,	'2025-04-04 08:26:32',	'2025-04-04 08:26:32'),
(984,	13,	4,	1,	0,	0,	'2025-04-04 08:26:32',	'2025-04-04 08:26:32'),
(985,	14,	1,	1,	0,	0,	'2025-04-04 08:26:32',	'2025-04-04 08:26:32'),
(986,	14,	2,	1,	0,	0,	'2025-04-04 08:26:32',	'2025-04-04 08:26:32'),
(987,	14,	3,	1,	0,	0,	'2025-04-04 08:26:32',	'2025-04-04 08:26:32'),
(988,	14,	4,	1,	0,	0,	'2025-04-04 08:26:32',	'2025-04-04 08:26:32'),
(989,	15,	1,	1,	0,	0,	'2025-04-04 08:26:32',	'2025-04-04 08:26:32'),
(990,	15,	2,	1,	0,	0,	'2025-04-04 08:26:32',	'2025-04-04 08:26:32'),
(991,	15,	3,	1,	0,	0,	'2025-04-04 08:26:32',	'2025-04-04 08:26:32'),
(992,	15,	4,	1,	0,	0,	'2025-04-04 08:26:32',	'2025-04-04 08:26:32'),
(993,	18,	1,	1,	0,	0,	'2025-04-04 08:26:32',	'2025-04-04 08:26:32'),
(994,	18,	2,	1,	0,	0,	'2025-04-04 08:26:32',	'2025-04-04 08:26:32'),
(995,	18,	3,	1,	0,	0,	'2025-04-04 08:26:32',	'2025-04-04 08:26:32'),
(996,	18,	4,	1,	0,	0,	'2025-04-04 08:26:32',	'2025-04-04 08:26:32'),
(997,	19,	1,	1,	0,	0,	'2025-04-04 08:26:32',	'2025-04-04 08:26:32'),
(998,	19,	2,	1,	0,	0,	'2025-04-04 08:26:32',	'2025-04-04 08:26:32'),
(999,	19,	3,	1,	0,	0,	'2025-04-04 08:26:32',	'2025-04-04 08:26:32'),
(1000,	19,	4,	1,	0,	0,	'2025-04-04 08:26:32',	'2025-04-04 08:26:32'),
(1001,	22,	1,	1,	0,	0,	'2025-04-04 08:26:32',	'2025-04-04 08:26:32'),
(1002,	22,	2,	1,	0,	0,	'2025-04-04 08:26:32',	'2025-04-04 08:26:32'),
(1003,	22,	3,	1,	0,	0,	'2025-04-04 08:26:32',	'2025-04-04 08:26:32'),
(1004,	22,	4,	1,	0,	0,	'2025-04-04 08:26:32',	'2025-04-04 08:26:32'),
(1005,	25,	1,	1,	0,	0,	'2025-04-04 08:26:32',	'2025-04-04 08:26:32'),
(1006,	25,	2,	1,	0,	0,	'2025-04-04 08:26:32',	'2025-04-04 08:26:32'),
(1007,	25,	3,	1,	0,	0,	'2025-04-04 08:26:32',	'2025-04-04 08:26:32'),
(1008,	25,	4,	1,	0,	0,	'2025-04-04 08:26:32',	'2025-04-04 08:26:32'),
(1009,	26,	1,	1,	0,	0,	'2025-04-04 08:26:32',	'2025-04-04 08:26:32'),
(1010,	26,	2,	1,	0,	0,	'2025-04-04 08:26:32',	'2025-04-04 08:26:32'),
(1011,	26,	3,	1,	0,	0,	'2025-04-04 08:26:32',	'2025-04-04 08:26:32'),
(1012,	26,	4,	1,	0,	0,	'2025-04-04 08:26:32',	'2025-04-04 08:26:32'),
(1013,	27,	1,	1,	0,	0,	'2025-04-04 08:26:32',	'2025-04-04 08:26:32'),
(1014,	27,	2,	1,	0,	0,	'2025-04-04 08:26:32',	'2025-04-04 08:26:32'),
(1015,	27,	3,	1,	0,	0,	'2025-04-04 08:26:32',	'2025-04-04 08:26:32'),
(1016,	27,	4,	1,	0,	0,	'2025-04-04 08:26:32',	'2025-04-04 08:26:32'),
(1017,	28,	1,	1,	0,	0,	'2025-04-04 08:26:32',	'2025-04-04 08:26:32'),
(1018,	28,	2,	1,	0,	0,	'2025-04-04 08:26:32',	'2025-04-04 08:26:32'),
(1019,	28,	3,	1,	0,	0,	'2025-04-04 08:26:32',	'2025-04-04 08:26:32'),
(1020,	28,	4,	1,	0,	0,	'2025-04-04 08:26:32',	'2025-04-04 08:26:32'),
(1021,	29,	1,	1,	0,	0,	'2025-04-04 08:26:32',	'2025-04-04 08:26:32'),
(1022,	29,	2,	1,	0,	0,	'2025-04-04 08:26:32',	'2025-04-04 08:26:32'),
(1023,	29,	3,	1,	0,	0,	'2025-04-04 08:26:32',	'2025-04-04 08:26:32'),
(1024,	29,	4,	1,	0,	0,	'2025-04-04 08:26:32',	'2025-04-04 08:26:32'),
(1025,	30,	1,	1,	0,	0,	'2025-04-04 08:26:32',	'2025-04-04 08:26:32'),
(1026,	30,	2,	1,	0,	0,	'2025-04-04 08:26:32',	'2025-04-04 08:26:32'),
(1027,	30,	3,	1,	0,	0,	'2025-04-04 08:26:32',	'2025-04-04 08:26:32'),
(1028,	30,	4,	1,	0,	0,	'2025-04-04 08:26:32',	'2025-04-04 08:26:32'),
(1029,	31,	1,	1,	0,	0,	'2025-04-04 08:26:32',	'2025-04-04 08:26:32'),
(1030,	31,	2,	1,	0,	0,	'2025-04-04 08:26:32',	'2025-04-04 08:26:32'),
(1031,	31,	3,	1,	0,	0,	'2025-04-04 08:26:32',	'2025-04-04 08:26:32'),
(1032,	31,	4,	1,	0,	0,	'2025-04-04 08:26:32',	'2025-04-04 08:26:32'),
(1033,	37,	1,	1,	0,	0,	'2025-04-04 08:26:32',	'2025-04-04 08:26:32'),
(1034,	37,	2,	1,	0,	0,	'2025-04-04 08:26:32',	'2025-04-04 08:26:32'),
(1035,	37,	3,	1,	0,	0,	'2025-04-04 08:26:32',	'2025-04-04 08:26:32'),
(1036,	37,	4,	1,	0,	0,	'2025-04-04 08:26:32',	'2025-04-04 08:26:32'),
(1037,	40,	1,	1,	0,	0,	'2025-04-04 08:26:32',	'2025-04-04 08:26:32'),
(1038,	40,	2,	1,	0,	0,	'2025-04-04 08:26:32',	'2025-04-04 08:26:32'),
(1039,	40,	3,	1,	0,	0,	'2025-04-04 08:26:32',	'2025-04-04 08:26:32'),
(1040,	40,	4,	1,	0,	0,	'2025-04-04 08:26:32',	'2025-04-04 08:26:32'),
(1041,	42,	1,	1,	0,	0,	'2025-04-04 08:26:32',	'2025-04-04 08:26:32'),
(1042,	42,	2,	1,	0,	0,	'2025-04-04 08:26:32',	'2025-04-04 08:26:32'),
(1043,	42,	3,	1,	0,	0,	'2025-04-04 08:26:32',	'2025-04-04 08:26:32'),
(1044,	42,	4,	1,	0,	0,	'2025-04-04 08:26:32',	'2025-04-04 08:26:32'),
(1045,	43,	1,	1,	0,	0,	'2025-04-04 08:26:32',	'2025-04-04 08:26:32'),
(1046,	43,	2,	1,	0,	0,	'2025-04-04 08:26:32',	'2025-04-04 08:26:32'),
(1047,	43,	3,	1,	0,	0,	'2025-04-04 08:26:32',	'2025-04-04 08:26:32'),
(1048,	43,	4,	1,	0,	0,	'2025-04-04 08:26:32',	'2025-04-04 08:26:32'),
(1049,	44,	1,	1,	0,	0,	'2025-04-04 08:26:32',	'2025-04-04 08:26:32'),
(1050,	44,	2,	1,	0,	0,	'2025-04-04 08:26:32',	'2025-04-04 08:26:32'),
(1051,	44,	3,	1,	0,	0,	'2025-04-04 08:26:32',	'2025-04-04 08:26:32'),
(1052,	44,	4,	1,	0,	0,	'2025-04-04 08:26:32',	'2025-04-04 08:26:32'),
(1053,	47,	1,	1,	0,	0,	'2025-04-04 08:26:32',	'2025-04-04 08:26:32'),
(1054,	47,	2,	1,	0,	0,	'2025-04-04 08:26:32',	'2025-04-04 08:26:32'),
(1055,	47,	3,	1,	0,	0,	'2025-04-04 08:26:32',	'2025-04-04 08:26:32'),
(1056,	47,	4,	1,	0,	0,	'2025-04-04 08:26:32',	'2025-04-04 08:26:32'),
(1057,	48,	1,	1,	0,	0,	'2025-04-04 08:26:32',	'2025-04-04 08:26:32'),
(1058,	48,	2,	1,	0,	0,	'2025-04-04 08:26:32',	'2025-04-04 08:26:32'),
(1059,	48,	3,	1,	0,	0,	'2025-04-04 08:26:32',	'2025-04-04 08:26:32'),
(1060,	48,	4,	1,	0,	0,	'2025-04-04 08:26:32',	'2025-04-04 08:26:32'),
(1061,	49,	1,	1,	0,	0,	'2025-04-04 08:26:32',	'2025-04-04 08:26:32'),
(1062,	49,	2,	1,	0,	0,	'2025-04-04 08:26:32',	'2025-04-04 08:26:32'),
(1063,	49,	3,	1,	0,	0,	'2025-04-04 08:26:32',	'2025-04-04 08:26:32'),
(1064,	49,	4,	1,	0,	0,	'2025-04-04 08:26:32',	'2025-04-04 08:26:32'),
(1065,	50,	1,	1,	0,	0,	'2025-04-04 08:26:32',	'2025-04-04 08:26:32'),
(1066,	50,	2,	1,	0,	0,	'2025-04-04 08:26:32',	'2025-04-04 08:26:32'),
(1067,	50,	3,	1,	0,	0,	'2025-04-04 08:26:32',	'2025-04-04 08:26:32'),
(1068,	50,	4,	1,	0,	0,	'2025-04-04 08:26:32',	'2025-04-04 08:26:32'),
(1069,	51,	1,	1,	0,	0,	'2025-04-04 08:26:32',	'2025-04-04 08:26:32'),
(1070,	51,	2,	1,	0,	0,	'2025-04-04 08:26:32',	'2025-04-04 08:26:32'),
(1071,	51,	3,	1,	0,	0,	'2025-04-04 08:26:32',	'2025-04-04 08:26:32'),
(1072,	51,	4,	1,	0,	0,	'2025-04-04 08:26:32',	'2025-04-04 08:26:32'),
(1073,	52,	1,	1,	0,	0,	'2025-04-04 08:26:32',	'2025-04-04 08:26:32'),
(1074,	52,	2,	1,	0,	0,	'2025-04-04 08:26:32',	'2025-04-04 08:26:32'),
(1075,	52,	3,	1,	0,	0,	'2025-04-04 08:26:32',	'2025-04-04 08:26:32'),
(1076,	52,	4,	1,	0,	0,	'2025-04-04 08:26:32',	'2025-04-04 08:26:32'),
(1077,	54,	1,	1,	0,	0,	'2025-04-04 08:26:32',	'2025-04-04 08:26:32'),
(1078,	54,	2,	1,	0,	0,	'2025-04-04 08:26:32',	'2025-04-04 08:26:32'),
(1079,	54,	3,	1,	0,	0,	'2025-04-04 08:26:32',	'2025-04-04 08:26:32'),
(1080,	54,	4,	1,	0,	0,	'2025-04-04 08:26:32',	'2025-04-04 08:26:32'),
(1081,	56,	1,	1,	0,	0,	'2025-04-04 08:26:32',	'2025-04-04 08:26:32'),
(1082,	56,	2,	1,	0,	0,	'2025-04-04 08:26:32',	'2025-04-04 08:26:32'),
(1083,	56,	3,	1,	0,	0,	'2025-04-04 08:26:32',	'2025-04-04 08:26:32'),
(1084,	56,	4,	1,	0,	0,	'2025-04-04 08:26:32',	'2025-04-04 08:26:32'),
(1085,	57,	1,	1,	0,	0,	'2025-04-04 08:26:32',	'2025-04-04 08:26:32'),
(1086,	57,	2,	1,	0,	0,	'2025-04-04 08:26:32',	'2025-04-04 08:26:32'),
(1087,	57,	3,	1,	0,	0,	'2025-04-04 08:26:32',	'2025-04-04 08:26:32'),
(1088,	57,	4,	1,	0,	0,	'2025-04-04 08:26:32',	'2025-04-04 08:26:32'),
(1089,	58,	1,	1,	0,	0,	'2025-04-04 08:26:32',	'2025-04-04 08:26:32'),
(1090,	58,	2,	1,	0,	0,	'2025-04-04 08:26:32',	'2025-04-04 08:26:32'),
(1091,	58,	3,	1,	0,	0,	'2025-04-04 08:26:32',	'2025-04-04 08:26:32'),
(1092,	58,	4,	1,	0,	0,	'2025-04-04 08:26:32',	'2025-04-04 08:26:32'),
(1093,	59,	1,	1,	0,	0,	'2025-04-04 08:26:32',	'2025-04-04 08:26:32'),
(1094,	59,	2,	1,	0,	0,	'2025-04-04 08:26:32',	'2025-04-04 08:26:32'),
(1095,	59,	3,	1,	0,	0,	'2025-04-04 08:26:32',	'2025-04-04 08:26:32'),
(1096,	59,	4,	1,	0,	0,	'2025-04-04 08:26:32',	'2025-04-04 08:26:32'),
(1097,	60,	1,	1,	0,	0,	'2025-04-04 08:26:32',	'2025-04-04 08:26:32'),
(1098,	60,	2,	1,	0,	0,	'2025-04-04 08:26:32',	'2025-04-04 08:26:32'),
(1099,	60,	3,	1,	0,	0,	'2025-04-04 08:26:32',	'2025-04-04 08:26:32'),
(1100,	60,	4,	1,	0,	0,	'2025-04-04 08:26:32',	'2025-04-04 08:26:32'),
(1101,	61,	1,	1,	0,	0,	'2025-04-04 08:26:32',	'2025-04-04 08:26:32'),
(1102,	61,	2,	1,	0,	0,	'2025-04-04 08:26:32',	'2025-04-04 08:26:32'),
(1103,	61,	3,	1,	0,	0,	'2025-04-04 08:26:32',	'2025-04-04 08:26:32'),
(1104,	61,	4,	1,	0,	0,	'2025-04-04 08:26:32',	'2025-04-04 08:26:32'),
(1105,	62,	1,	1,	0,	0,	'2025-04-04 08:26:32',	'2025-04-04 08:26:32'),
(1106,	62,	2,	1,	0,	0,	'2025-04-04 08:26:32',	'2025-04-04 08:26:32'),
(1107,	62,	3,	1,	0,	0,	'2025-04-04 08:26:32',	'2025-04-04 08:26:32'),
(1108,	62,	4,	1,	0,	0,	'2025-04-04 08:26:32',	'2025-04-04 08:26:32'),
(1109,	63,	1,	1,	0,	0,	'2025-04-04 08:26:32',	'2025-04-04 08:26:32'),
(1110,	63,	2,	1,	0,	0,	'2025-04-04 08:26:32',	'2025-04-04 08:26:32'),
(1111,	63,	3,	1,	0,	0,	'2025-04-04 08:26:32',	'2025-04-04 08:26:32'),
(1112,	63,	4,	1,	0,	0,	'2025-04-04 08:26:32',	'2025-04-04 08:26:32'),
(1113,	64,	1,	1,	0,	0,	'2025-04-04 08:26:32',	'2025-04-04 08:26:32'),
(1114,	64,	2,	1,	0,	0,	'2025-04-04 08:26:32',	'2025-04-04 08:26:32'),
(1115,	64,	3,	1,	0,	0,	'2025-04-04 08:26:32',	'2025-04-04 08:26:32'),
(1116,	64,	4,	1,	0,	0,	'2025-04-04 08:26:32',	'2025-04-04 08:26:32'),
(1117,	65,	1,	1,	0,	0,	'2025-04-04 08:26:32',	'2025-04-04 08:26:32'),
(1118,	65,	2,	1,	0,	0,	'2025-04-04 08:26:32',	'2025-04-04 08:26:32'),
(1119,	65,	3,	1,	0,	0,	'2025-04-04 08:26:32',	'2025-04-04 08:26:32'),
(1120,	65,	4,	1,	0,	0,	'2025-04-04 08:26:32',	'2025-04-04 08:26:32'),
(1121,	66,	1,	1,	0,	0,	'2025-04-04 08:26:32',	'2025-04-04 08:26:32'),
(1122,	66,	2,	1,	0,	0,	'2025-04-04 08:26:32',	'2025-04-04 08:26:32'),
(1123,	66,	3,	1,	0,	0,	'2025-04-04 08:26:32',	'2025-04-04 08:26:32'),
(1124,	66,	4,	1,	0,	0,	'2025-04-04 08:26:32',	'2025-04-04 08:26:32'),
(1125,	67,	1,	1,	0,	0,	'2025-04-04 08:26:32',	'2025-04-04 08:26:32'),
(1126,	67,	2,	1,	0,	0,	'2025-04-04 08:26:32',	'2025-04-04 08:26:32'),
(1127,	67,	3,	1,	0,	0,	'2025-04-04 08:26:32',	'2025-04-04 08:26:32'),
(1128,	67,	4,	1,	0,	0,	'2025-04-04 08:26:32',	'2025-04-04 08:26:32'),
(1129,	68,	1,	1,	0,	0,	'2025-04-04 08:26:32',	'2025-04-04 08:26:32'),
(1130,	68,	2,	1,	0,	0,	'2025-04-04 08:26:32',	'2025-04-04 08:26:32'),
(1131,	68,	3,	1,	0,	0,	'2025-04-04 08:26:32',	'2025-04-04 08:26:32'),
(1132,	68,	4,	1,	0,	0,	'2025-04-04 08:26:32',	'2025-04-04 08:26:32'),
(1133,	69,	1,	1,	0,	0,	'2025-04-04 08:26:32',	'2025-04-04 08:26:32'),
(1134,	69,	2,	1,	0,	0,	'2025-04-04 08:26:32',	'2025-04-04 08:26:32'),
(1135,	69,	3,	1,	0,	0,	'2025-04-04 08:26:32',	'2025-04-04 08:26:32'),
(1136,	69,	4,	1,	0,	0,	'2025-04-04 08:26:32',	'2025-04-04 08:26:32'),
(1137,	70,	1,	1,	0,	0,	'2025-04-04 08:26:32',	'2025-04-04 08:26:32'),
(1138,	70,	2,	1,	0,	0,	'2025-04-04 08:26:32',	'2025-04-04 08:26:32'),
(1139,	70,	3,	1,	0,	0,	'2025-04-04 08:26:32',	'2025-04-04 08:26:32'),
(1140,	70,	4,	1,	0,	0,	'2025-04-04 08:26:32',	'2025-04-04 08:26:32'),
(1141,	71,	1,	1,	0,	0,	'2025-04-04 08:26:32',	'2025-04-04 08:26:32'),
(1142,	71,	2,	1,	0,	0,	'2025-04-04 08:26:32',	'2025-04-04 08:26:32'),
(1143,	71,	3,	1,	0,	0,	'2025-04-04 08:26:32',	'2025-04-04 08:26:32'),
(1144,	71,	4,	1,	0,	0,	'2025-04-04 08:26:32',	'2025-04-04 08:26:32'),
(1145,	72,	1,	1,	0,	0,	'2025-04-04 08:26:32',	'2025-04-04 08:26:32'),
(1146,	72,	2,	1,	0,	0,	'2025-04-04 08:26:32',	'2025-04-04 08:26:32'),
(1147,	72,	3,	1,	0,	0,	'2025-04-04 08:26:32',	'2025-04-04 08:26:32'),
(1148,	72,	4,	1,	0,	0,	'2025-04-04 08:26:32',	'2025-04-04 08:26:32'),
(1149,	73,	1,	1,	0,	0,	'2025-04-04 08:26:32',	'2025-04-04 08:26:32'),
(1150,	73,	2,	1,	0,	0,	'2025-04-04 08:26:32',	'2025-04-04 08:26:32'),
(1151,	73,	3,	1,	0,	0,	'2025-04-04 08:26:32',	'2025-04-04 08:26:32'),
(1152,	73,	4,	1,	0,	0,	'2025-04-04 08:26:32',	'2025-04-04 08:26:32'),
(1153,	74,	1,	1,	0,	0,	'2025-04-04 08:26:32',	'2025-04-04 08:26:32'),
(1154,	74,	2,	1,	0,	0,	'2025-04-04 08:26:32',	'2025-04-04 08:26:32'),
(1155,	74,	3,	1,	0,	0,	'2025-04-04 08:26:32',	'2025-04-04 08:26:32'),
(1156,	74,	4,	1,	0,	0,	'2025-04-04 08:26:32',	'2025-04-04 08:26:32'),
(1157,	75,	1,	1,	0,	0,	'2025-04-04 08:26:32',	'2025-04-04 08:26:32'),
(1158,	75,	2,	1,	0,	0,	'2025-04-04 08:26:32',	'2025-04-04 08:26:32'),
(1159,	75,	3,	1,	0,	0,	'2025-04-04 08:26:32',	'2025-04-04 08:26:32'),
(1160,	75,	4,	1,	0,	0,	'2025-04-04 08:26:32',	'2025-04-04 08:26:32'),
(1161,	76,	1,	1,	0,	0,	'2025-04-04 08:26:32',	'2025-04-04 08:26:32'),
(1162,	76,	2,	1,	0,	0,	'2025-04-04 08:26:32',	'2025-04-04 08:26:32'),
(1163,	76,	3,	1,	0,	0,	'2025-04-04 08:26:32',	'2025-04-04 08:26:32'),
(1164,	76,	4,	1,	0,	0,	'2025-04-04 08:26:32',	'2025-04-04 08:26:32'),
(1165,	77,	1,	1,	0,	0,	'2025-04-04 08:26:32',	'2025-04-04 08:26:32'),
(1166,	77,	2,	1,	0,	0,	'2025-04-04 08:26:32',	'2025-04-04 08:26:32'),
(1167,	77,	3,	1,	0,	0,	'2025-04-04 08:26:32',	'2025-04-04 08:26:32'),
(1168,	77,	4,	1,	0,	0,	'2025-04-04 08:26:32',	'2025-04-04 08:26:32'),
(1169,	78,	1,	1,	0,	0,	'2025-04-04 08:26:32',	'2025-04-04 08:26:32'),
(1170,	78,	2,	1,	0,	0,	'2025-04-04 08:26:32',	'2025-04-04 08:26:32'),
(1171,	78,	3,	1,	0,	0,	'2025-04-04 08:26:32',	'2025-04-04 08:26:32'),
(1172,	78,	4,	1,	0,	0,	'2025-04-04 08:26:32',	'2025-04-04 08:26:32'),
(1173,	79,	1,	1,	0,	0,	'2025-04-04 08:26:32',	'2025-04-04 08:26:32'),
(1174,	79,	2,	1,	0,	0,	'2025-04-04 08:26:32',	'2025-04-04 08:26:32'),
(1175,	79,	3,	1,	0,	0,	'2025-04-04 08:26:32',	'2025-04-04 08:26:32'),
(1176,	79,	4,	1,	0,	0,	'2025-04-04 08:26:32',	'2025-04-04 08:26:32'),
(1177,	80,	1,	1,	0,	0,	'2025-04-04 08:26:32',	'2025-04-04 08:26:32'),
(1178,	80,	2,	1,	0,	0,	'2025-04-04 08:26:32',	'2025-04-04 08:26:32'),
(1179,	80,	3,	1,	0,	0,	'2025-04-04 08:26:32',	'2025-04-04 08:26:32'),
(1180,	80,	4,	1,	0,	0,	'2025-04-04 08:26:32',	'2025-04-04 08:26:32'),
(1181,	81,	1,	1,	0,	0,	'2025-04-04 08:26:32',	'2025-04-04 08:26:32'),
(1182,	81,	2,	1,	0,	0,	'2025-04-04 08:26:32',	'2025-04-04 08:26:32'),
(1183,	81,	3,	1,	0,	0,	'2025-04-04 08:26:32',	'2025-04-04 08:26:32'),
(1184,	81,	4,	1,	0,	0,	'2025-04-04 08:26:32',	'2025-04-04 08:26:32'),
(1185,	82,	1,	1,	0,	0,	'2025-04-04 08:26:32',	'2025-04-04 08:26:32'),
(1186,	82,	2,	1,	0,	0,	'2025-04-04 08:26:32',	'2025-04-04 08:26:32'),
(1187,	82,	3,	1,	0,	0,	'2025-04-04 08:26:32',	'2025-04-04 08:26:32'),
(1188,	82,	4,	1,	0,	0,	'2025-04-04 08:26:32',	'2025-04-04 08:26:32'),
(1189,	83,	1,	1,	0,	0,	'2025-04-04 08:26:32',	'2025-04-04 08:26:32'),
(1190,	83,	2,	1,	0,	0,	'2025-04-04 08:26:32',	'2025-04-04 08:26:32'),
(1191,	83,	3,	1,	0,	0,	'2025-04-04 08:26:32',	'2025-04-04 08:26:32'),
(1192,	83,	4,	1,	0,	0,	'2025-04-04 08:26:32',	'2025-04-04 08:26:32'),
(1193,	84,	1,	1,	0,	0,	'2025-04-04 08:26:32',	'2025-04-04 08:26:32'),
(1194,	84,	2,	1,	0,	0,	'2025-04-04 08:26:32',	'2025-04-04 08:26:32'),
(1195,	84,	3,	1,	0,	0,	'2025-04-04 08:26:32',	'2025-04-04 08:26:32'),
(1196,	84,	4,	1,	0,	0,	'2025-04-04 08:26:32',	'2025-04-04 08:26:32');

DROP TABLE IF EXISTS `profile_types`;
CREATE TABLE `profile_types` (
  `id` int unsigned NOT NULL AUTO_INCREMENT,
  `title` varchar(45) DEFAULT NULL,
  `description` varchar(45) DEFAULT NULL,
  `created_at` timestamp NULL DEFAULT NULL,
  `updated_at` timestamp NULL DEFAULT NULL,
  PRIMARY KEY (`id`)
) ENGINE=InnoDB DEFAULT CHARSET=utf8mb4 COLLATE=utf8mb4_unicode_ci;

INSERT INTO `profile_types` (`id`, `title`, `description`, `created_at`, `updated_at`) VALUES
(1,	'Admin',	'',	'2021-11-24 11:45:17',	'2021-11-24 11:45:17'),
(2,	'Manager',	'',	'2021-11-24 11:46:20',	'2021-11-24 11:46:20'),
(3,	'Viewer',	'View activities only',	'2021-11-24 11:47:02',	'2021-11-24 11:47:02'),
(4,	'User',	NULL,	'2021-11-24 11:47:59',	'2021-11-24 11:47:59');

DROP TABLE IF EXISTS `profiles`;
CREATE TABLE `profiles` (
  `id` int unsigned NOT NULL AUTO_INCREMENT,
  `title` varchar(45) DEFAULT NULL,
  `description` varchar(45) DEFAULT NULL,
  `status` tinyint NOT NULL DEFAULT '1',
  `allow_tracking` tinyint DEFAULT NULL,
  `created_by` int NOT NULL DEFAULT '0',
  `created_at` timestamp NULL DEFAULT NULL,
  `updated_at` timestamp NULL DEFAULT NULL,
  `profile_type` int DEFAULT '0',
  PRIMARY KEY (`id`)
) ENGINE=InnoDB DEFAULT CHARSET=utf8mb4 COLLATE=utf8mb4_unicode_ci;

INSERT INTO `profiles` (`id`, `title`, `description`, `status`, `allow_tracking`, `created_by`, `created_at`, `updated_at`, `profile_type`) VALUES
(1,	'Owner',	NULL,	1,	1,	0,	'2025-04-04 08:26:28',	'2025-04-04 08:26:28',	1),
(2,	'Manager',	'Add task and time tracking',	1,	1,	0,	'2025-04-04 08:26:28',	'2025-04-04 08:26:28',	2),
(3,	'Viewer',	'View activities only',	1,	0,	0,	'2025-04-04 08:26:28',	'2025-04-04 08:26:28',	3),
(4,	'User',	NULL,	1,	1,	0,	'2025-04-04 08:26:28',	'2025-04-04 08:26:28',	4),
(5,	'Admin',	NULL,	1,	1,	0,	'2025-04-04 08:26:28',	'2025-04-04 08:26:28',	1);

DROP TABLE IF EXISTS `project_groups`;
CREATE TABLE `project_groups` (
  `id` bigint unsigned NOT NULL AUTO_INCREMENT,
  `project_id` int unsigned NOT NULL,
  `group_id` int unsigned NOT NULL,
  `created_at` timestamp NULL DEFAULT NULL,
  `updated_at` timestamp NULL DEFAULT NULL,
  PRIMARY KEY (`id`),
  KEY `project_groups_project_id_foreign` (`project_id`),
  KEY `project_groups_group_id_foreign` (`group_id`),
  CONSTRAINT `project_groups_group_id_foreign` FOREIGN KEY (`group_id`) REFERENCES `groups` (`id`),
  CONSTRAINT `project_groups_project_id_foreign` FOREIGN KEY (`project_id`) REFERENCES `projects` (`id`)
) ENGINE=InnoDB DEFAULT CHARSET=utf8mb4 COLLATE=utf8mb4_unicode_ci;


DROP TABLE IF EXISTS `projects`;
CREATE TABLE `projects` (
  `id` int unsigned NOT NULL AUTO_INCREMENT,
  `uuid` char(36) NOT NULL DEFAULT '0',
  `title` varchar(255) DEFAULT NULL,
  `description` text CHARACTER SET utf8mb4 COLLATE utf8mb4_unicode_ci,
  `active` tinyint DEFAULT NULL,
  `color` varchar(255) DEFAULT NULL,
  `billable` tinyint NOT NULL,
  `type` tinyint NOT NULL,
  `budget` int DEFAULT '0',
  `sync_frequency` int DEFAULT NULL,
  `company_id` int unsigned NOT NULL,
  `is_deleted` tinyint NOT NULL DEFAULT '0',
  `project_structure` tinyint NOT NULL DEFAULT '0' COMMENT '0 = flat, 1= restricted',
  `created_by` int unsigned NOT NULL,
  `updated_by` int unsigned NOT NULL,
  `created_at` timestamp NULL DEFAULT NULL,
  `updated_at` timestamp NULL DEFAULT NULL,
  `members_count` int NOT NULL DEFAULT '0',
  PRIMARY KEY (`id`),
  KEY `projects_company_id_foreign` (`company_id`),
  KEY `projects_created_by_foreign` (`created_by`),
  KEY `projects_updated_by_foreign` (`updated_by`),
  CONSTRAINT `projects_company_id_foreign` FOREIGN KEY (`company_id`) REFERENCES `companies` (`id`),
  CONSTRAINT `projects_created_by_foreign` FOREIGN KEY (`created_by`) REFERENCES `users` (`id`),
  CONSTRAINT `projects_updated_by_foreign` FOREIGN KEY (`updated_by`) REFERENCES `users` (`id`)
) ENGINE=InnoDB DEFAULT CHARSET=utf8mb4 COLLATE=utf8mb4_unicode_ci;


DROP TABLE IF EXISTS `purging`;
CREATE TABLE `purging` (
  `id` int unsigned NOT NULL AUTO_INCREMENT,
  `company_id` int DEFAULT NULL,
  `start_date` datetime NOT NULL,
  `end_date` datetime NOT NULL,
  `last_purging_date` datetime DEFAULT NULL,
  `status` char(255) NOT NULL DEFAULT 'pending',
  `created_at` timestamp NULL DEFAULT NULL,
  `updated_at` timestamp NULL DEFAULT NULL,
  PRIMARY KEY (`id`)
) ENGINE=InnoDB DEFAULT CHARSET=utf8mb4 COLLATE=utf8mb4_unicode_ci;


DROP TABLE IF EXISTS `push_notifications`;
CREATE TABLE `push_notifications` (
  `id` bigint unsigned NOT NULL AUTO_INCREMENT,
  `user_id` int DEFAULT NULL COMMENT 'set user id',
  `auth_key` varchar(255) DEFAULT NULL,
  `message` text,
  `message_type` tinyint NOT NULL DEFAULT '1' COMMENT '1 = Low, 2 = high, 3 = high with stop TTh',
  `view_option` tinyint NOT NULL DEFAULT '1' COMMENT '1 = hide refresh on page, 2 = hide onclick, 3 = hide on due date',
  `view_hide_date` datetime DEFAULT NULL COMMENT '1 = hide refresh on page, 2 = hide onclick, 3 = hide on due date',
  `view_profile` tinyint NOT NULL DEFAULT '1' COMMENT '1 = all, 2 = owner, 3 = admin, 4 = manager, 5 = user',
  `read_status` tinyint NOT NULL DEFAULT '1' COMMENT '1 = new,2 = read',
  `is_delivered` tinyint NOT NULL DEFAULT '0' COMMENT '0 =  not delivered',
  `source_type` tinyint NOT NULL DEFAULT '1' COMMENT '1 = internal, 2 = master',
  `target_app` tinyint NOT NULL DEFAULT '1' COMMENT '1 = All, 2 = web, 3 = desktop',
  `read_date` datetime DEFAULT NULL,
  `created_at` timestamp NULL DEFAULT NULL,
  `updated_at` timestamp NULL DEFAULT NULL,
  `deleted_at` timestamp NULL DEFAULT NULL,
  PRIMARY KEY (`id`)
) ENGINE=InnoDB DEFAULT CHARSET=utf8mb4 COLLATE=utf8mb4_unicode_ci;


DROP TABLE IF EXISTS `quiz_attempts`;
CREATE TABLE `quiz_attempts` (
  `id` int unsigned NOT NULL AUTO_INCREMENT,
  `user_id` int unsigned NOT NULL,
  `course_id` int unsigned DEFAULT NULL,
  `quiz_id` int unsigned DEFAULT NULL,
  `course_batch_id` bigint DEFAULT '0',
  `question_id` int DEFAULT NULL,
  `answer_id` int DEFAULT NULL,
  `quiz_answers` longtext,
  `created_at` timestamp NULL DEFAULT NULL,
  `updated_at` timestamp NULL DEFAULT NULL,
  `quiz_completion` int NOT NULL DEFAULT '0',
  `completion_time` time NOT NULL DEFAULT '00:00:00',
  PRIMARY KEY (`id`),
  KEY `quiz_attempts_user_id_foreign` (`user_id`),
  KEY `quiz_attempts_course_id_foreign` (`course_id`),
  KEY `quiz_attempts_quiz_id_foreign` (`quiz_id`),
  CONSTRAINT `quiz_attempts_course_id_foreign` FOREIGN KEY (`course_id`) REFERENCES `courses` (`id`),
  CONSTRAINT `quiz_attempts_quiz_id_foreign` FOREIGN KEY (`quiz_id`) REFERENCES `quizzes` (`id`),
  CONSTRAINT `quiz_attempts_user_id_foreign` FOREIGN KEY (`user_id`) REFERENCES `users` (`id`)
) ENGINE=InnoDB DEFAULT CHARSET=utf8mb4 COLLATE=utf8mb4_unicode_ci;


DROP TABLE IF EXISTS `quiz_attempts_status`;
CREATE TABLE `quiz_attempts_status` (
  `id` bigint unsigned NOT NULL AUTO_INCREMENT,
  `user_id` int NOT NULL DEFAULT '0',
  `course_id` int NOT NULL DEFAULT '0',
  `quiz_id` int NOT NULL DEFAULT '0',
  `course_batch_id` int NOT NULL DEFAULT '0',
  `quiz_completion` int NOT NULL DEFAULT '0',
  `obtained_score` varchar(255) NOT NULL DEFAULT '0',
  `total_score` varchar(255) NOT NULL DEFAULT '0',
  `completion_time` time NOT NULL DEFAULT '00:00:00',
  `created_at` timestamp NULL DEFAULT NULL,
  `updated_at` timestamp NULL DEFAULT NULL,
  `submitted` tinyint NOT NULL DEFAULT '0' COMMENT '0 for not submitted,1 for submitted, 2 for timeover',
  PRIMARY KEY (`id`)
) ENGINE=InnoDB DEFAULT CHARSET=utf8mb4 COLLATE=utf8mb4_unicode_ci;


DROP TABLE IF EXISTS `quiz_questions`;
CREATE TABLE `quiz_questions` (
  `id` int unsigned NOT NULL AUTO_INCREMENT,
  `quiz_id` int unsigned NOT NULL,
  `question` longtext NOT NULL,
  `is_mcqs_given` tinyint(1) NOT NULL,
  `options` json NOT NULL,
  `right_ans` longtext NOT NULL,
  `question_tags` longtext NOT NULL,
  `status` int NOT NULL DEFAULT '1' COMMENT '1=>active, 2=>removed',
  `created_by` int unsigned NOT NULL,
  `created_at` timestamp NULL DEFAULT NULL,
  `updated_at` timestamp NULL DEFAULT NULL,
  `score` varchar(100) DEFAULT NULL,
  PRIMARY KEY (`id`),
  KEY `quiz_questions_created_by_foreign` (`created_by`),
  KEY `quiz_questions_quiz_id_foreign` (`quiz_id`),
  CONSTRAINT `quiz_questions_created_by_foreign` FOREIGN KEY (`created_by`) REFERENCES `users` (`id`),
  CONSTRAINT `quiz_questions_quiz_id_foreign` FOREIGN KEY (`quiz_id`) REFERENCES `quizzes` (`id`)
) ENGINE=InnoDB DEFAULT CHARSET=utf8mb4 COLLATE=utf8mb4_unicode_ci;


DROP TABLE IF EXISTS `quizzes`;
CREATE TABLE `quizzes` (
  `id` int unsigned NOT NULL AUTO_INCREMENT,
  `department_id` int DEFAULT NULL,
  `title` varchar(100) NOT NULL,
  `quiz_desc` longtext,
  `created_by` int unsigned NOT NULL,
  `tags` longtext,
  `quiz_body` longtext,
  `status` smallint NOT NULL,
  `is_published` smallint NOT NULL,
  `deleted_at` timestamp NULL DEFAULT NULL,
  `created_at` timestamp NULL DEFAULT NULL,
  `updated_at` timestamp NULL DEFAULT NULL,
  `quiz_type` tinyint NOT NULL DEFAULT '1' COMMENT '1 = Quiz, 2 = Survey',
  PRIMARY KEY (`id`),
  KEY `quizzes_created_by_foreign` (`created_by`),
  CONSTRAINT `quizzes_created_by_foreign` FOREIGN KEY (`created_by`) REFERENCES `users` (`id`)
) ENGINE=InnoDB DEFAULT CHARSET=utf8mb4 COLLATE=utf8mb4_unicode_ci;


DROP TABLE IF EXISTS `reset_password`;
CREATE TABLE `reset_password` (
  `id` int unsigned NOT NULL AUTO_INCREMENT,
  `token` varchar(255) NOT NULL,
  `email` varchar(255) NOT NULL,
  `user_id` int unsigned NOT NULL,
  `created_at` timestamp NULL DEFAULT NULL,
  PRIMARY KEY (`id`)
) ENGINE=InnoDB DEFAULT CHARSET=utf8mb4 COLLATE=utf8mb4_unicode_ci;


DROP TABLE IF EXISTS `shift_breaks`;
CREATE TABLE `shift_breaks` (
  `id` int unsigned NOT NULL AUTO_INCREMENT,
  `start_time` time NOT NULL,
  `end_time` time NOT NULL,
  `shift_id` int unsigned DEFAULT NULL,
  `status` tinyint NOT NULL DEFAULT '1' COMMENT '1 = enable, 2 =  disabled',
  PRIMARY KEY (`id`)
) ENGINE=InnoDB DEFAULT CHARSET=utf8mb4 COLLATE=utf8mb4_unicode_ci;


DROP TABLE IF EXISTS `shifts`;
CREATE TABLE `shifts` (
  `id` int unsigned NOT NULL AUTO_INCREMENT,
  `shift_name` varchar(70) NOT NULL,
  `shift_manager` int unsigned NOT NULL,
  `start_time` time NOT NULL,
  `end_time` time NOT NULL,
  `status` tinyint NOT NULL DEFAULT '1',
  `break_type` tinyint NOT NULL DEFAULT '3',
  `company_id` int unsigned NOT NULL,
  `created_by` int unsigned NOT NULL,
  `created_at` timestamp NULL DEFAULT NULL,
  `updated_at` timestamp NULL DEFAULT NULL,
  `deleted_at` timestamp NULL DEFAULT NULL,
  PRIMARY KEY (`id`),
  KEY `shifts_shift_manager_foreign` (`shift_manager`),
  KEY `shifts_created_by_foreign` (`created_by`),
  KEY `shifts_company_id_foreign` (`company_id`),
  CONSTRAINT `shifts_company_id_foreign` FOREIGN KEY (`company_id`) REFERENCES `companies` (`id`),
  CONSTRAINT `shifts_created_by_foreign` FOREIGN KEY (`created_by`) REFERENCES `users` (`id`),
  CONSTRAINT `shifts_shift_manager_foreign` FOREIGN KEY (`shift_manager`) REFERENCES `users` (`id`)
) ENGINE=InnoDB DEFAULT CHARSET=utf8mb4 COLLATE=utf8mb4_unicode_ci;

INSERT INTO `shifts` (`id`, `shift_name`, `shift_manager`, `start_time`, `end_time`, `status`, `break_type`, `company_id`, `created_by`, `created_at`, `updated_at`, `deleted_at`) VALUES
(1,	'Day Shift',	2319,	'09:00:00',	'18:00:00',	1,	3,	1196,	2319,	'2025-04-04 08:27:14',	'2025-04-04 08:27:14',	NULL);

DROP TABLE IF EXISTS `shifts_users`;
CREATE TABLE `shifts_users` (
  `id` bigint unsigned NOT NULL AUTO_INCREMENT,
  `user_id` int NOT NULL COMMENT 'Save User list',
  `shift_id` int NOT NULL COMMENT 'Save Shift id',
  `created_at` timestamp NULL DEFAULT NULL,
  `updated_at` timestamp NULL DEFAULT NULL,
  `status` tinyint NOT NULL DEFAULT '1' COMMENT '1 = enable, 2 =  disabled',
  PRIMARY KEY (`id`)
) ENGINE=InnoDB DEFAULT CHARSET=utf8mb4 COLLATE=utf8mb4_unicode_ci;


DROP TABLE IF EXISTS `states`;
CREATE TABLE `states` (
  `id` bigint unsigned NOT NULL AUTO_INCREMENT,
  `country_id` bigint unsigned NOT NULL,
  `name` varchar(255) NOT NULL,
  `status` enum('active','inactive') NOT NULL DEFAULT 'active',
  `created_at` timestamp NOT NULL DEFAULT CURRENT_TIMESTAMP,
  `updated_at` timestamp NOT NULL DEFAULT CURRENT_TIMESTAMP,
  `deleted_at` timestamp NULL DEFAULT NULL,
  PRIMARY KEY (`id`),
  KEY `states_country_id_foreign` (`country_id`),
  CONSTRAINT `states_country_id_foreign` FOREIGN KEY (`country_id`) REFERENCES `countries` (`id`) ON DELETE CASCADE ON UPDATE CASCADE
) ENGINE=InnoDB DEFAULT CHARSET=utf8mb4 COLLATE=utf8mb4_unicode_ci;


DROP TABLE IF EXISTS `subscribed_plan`;
CREATE TABLE `subscribed_plan` (
  `cp_id` int unsigned NOT NULL AUTO_INCREMENT,
  `plan_id` int unsigned NOT NULL,
  `super_admin_id` int NOT NULL,
  `company_id` int unsigned NOT NULL,
  `expiry_date` datetime DEFAULT NULL,
  `deleted_at` timestamp NOT NULL,
  `created_at` timestamp NULL DEFAULT NULL,
  `updated_at` timestamp NULL DEFAULT NULL,
  PRIMARY KEY (`cp_id`),
  KEY `subscribed_plan_plan_id_foreign` (`plan_id`),
  KEY `subscribed_plan_company_id_foreign` (`company_id`),
  KEY `state` (`super_admin_id`),
  CONSTRAINT `subscribed_plan_company_id_foreign` FOREIGN KEY (`company_id`) REFERENCES `companies` (`id`),
  CONSTRAINT `subscribed_plan_plan_id_foreign` FOREIGN KEY (`plan_id`) REFERENCES `plans` (`plan_id`)
) ENGINE=InnoDB DEFAULT CHARSET=utf8mb4 COLLATE=utf8mb4_unicode_ci;


DROP TABLE IF EXISTS `system_features`;
CREATE TABLE `system_features` (
  `pf_id` int unsigned NOT NULL AUTO_INCREMENT,
  `package_id` varchar(255) NOT NULL,
  `parent_module_id` int NOT NULL,
  `sub_module_id` int NOT NULL,
  `feature_key` varchar(255) NOT NULL,
  `feature_value` varchar(255) NOT NULL,
  `status` tinyint NOT NULL DEFAULT '2' COMMENT '1=active, 2=in-active',
  `name` varchar(255) NOT NULL,
  `description` text,
  `deleted_at` timestamp NULL DEFAULT NULL,
  `created_at` timestamp NULL DEFAULT NULL,
  `updated_at` timestamp NULL DEFAULT NULL,
  PRIMARY KEY (`pf_id`)
) ENGINE=InnoDB DEFAULT CHARSET=utf8mb4 COLLATE=utf8mb4_unicode_ci;

INSERT INTO `system_features` (`pf_id`, `package_id`, `parent_module_id`, `sub_module_id`, `feature_key`, `feature_value`, `status`, `name`, `description`, `deleted_at`, `created_at`, `updated_at`) VALUES
(1,	'prod_S0tHEySqPm5QY5',	73,	15,	'limit_the_number_of_assigned_courses',	'10',	1,	'',	NULL,	NULL,	'2025-04-04 08:26:33',	'2025-04-04 08:26:33'),
(2,	'0',	73,	74,	'limit_the_number_of_assigned_tasks',	'Unlimited',	2,	'',	NULL,	NULL,	'2025-04-04 08:26:33',	'2025-04-04 08:26:33'),
(3,	'0',	73,	75,	'of_days_allowed_for_a_manual_time_entry',	'Unlimited',	2,	'',	NULL,	NULL,	'2025-04-04 08:26:33',	'2025-04-04 08:26:33'),
(4,	'prod_S0tHEySqPm5QY5',	19,	12,	'limit_the_number_of_assigned_courses',	'10',	1,	'',	NULL,	NULL,	'2025-04-04 08:26:33',	'2025-04-04 08:26:33'),
(5,	'prod_S0tHEySqPm5QY5',	19,	12,	'limit_the_number_of_assigned_articles_of_a_courses',	'Unlimited',	1,	'',	NULL,	NULL,	'2025-04-04 08:26:33',	'2025-04-04 08:26:33'),
(6,	'prod_S0tHEySqPm5QY5',	19,	12,	'limit_the_number_of_assigned_quizzes_of_a_courses',	'Unlimited',	1,	'',	NULL,	NULL,	'2025-04-04 08:26:33',	'2025-04-04 08:26:33'),
(7,	'0',	19,	12,	'limit_of_storage_of_gallery_in_courses',	'Unlimited',	2,	'',	NULL,	NULL,	'2025-04-04 08:26:33',	'2025-04-04 08:26:33'),
(8,	'prod_S0tHEySqPm5QY5',	19,	18,	'limit_the_number_of_quizzes',	'Unlimited',	1,	'',	NULL,	NULL,	'2025-04-04 08:26:33',	'2025-04-04 08:26:33'),
(9,	'prod_S0tHEySqPm5QY5',	19,	18,	'limit_the_size_of_attachments_of_a_quiz',	'Unlimited',	1,	'',	NULL,	NULL,	'2025-04-04 08:26:33',	'2025-04-04 08:26:33'),
(10,	'prod_S0tHEySqPm5QY5',	19,	18,	'limit_the_total_number_of_attachments_of_a_quiz',	'Unlimited',	1,	'',	NULL,	NULL,	'2025-04-04 08:26:33',	'2025-04-04 08:26:33'),
(11,	'prod_S0tHEySqPm5QY5',	19,	14,	'limit_the_number_pages_of_articles',	'Unlimited',	1,	'',	NULL,	NULL,	'2025-04-04 08:26:33',	'2025-04-04 08:26:33'),
(12,	'prod_S0tHEySqPm5QY5',	19,	14,	'limit_the_size_of_attachments_of_a_article',	'10',	1,	'',	NULL,	NULL,	'2025-04-04 08:26:33',	'2025-04-04 08:26:33'),
(13,	'prod_S0tHEySqPm5QY5',	19,	14,	'limit_the_total_number_of_attachments_of_a_article',	'Unlimited',	1,	'',	NULL,	NULL,	'2025-04-04 08:26:33',	'2025-04-04 08:26:33'),
(14,	'prod_S0tHEySqPm5QY5',	13,	1,	'limit_the_number_of_projects',	'Unlimited',	1,	'',	NULL,	NULL,	'2025-04-04 08:26:33',	'2025-04-04 08:26:33'),
(15,	'prod_S0tHEySqPm5QY5',	13,	1,	'limit_the_number_of_members_of_a_projects',	'15',	1,	'',	NULL,	NULL,	'2025-04-04 08:26:33',	'2025-04-04 08:26:33'),
(16,	'prod_S0tHEySqPm5QY5',	13,	1,	'limit_the_number_of_tasks_of_a_projects',	'15',	1,	'',	NULL,	NULL,	'2025-04-04 08:26:33',	'2025-04-04 08:26:33'),
(17,	'prod_S0tHEySqPm5QY5',	13,	2,	'limit_the_number_pages_of_tasks',	'15',	1,	'',	NULL,	NULL,	'2025-04-04 08:26:33',	'2025-04-04 08:26:33'),
(18,	'prod_S0tHEySqPm5QY5',	13,	2,	'limit_the_number_of_assignees_of_a_tasks',	'15',	1,	'',	NULL,	NULL,	'2025-04-04 08:26:33',	'2025-04-04 08:26:33'),
(19,	'prod_S0tHEySqPm5QY5',	13,	5,	'limit_the_number_of_clients',	'15',	1,	'',	NULL,	NULL,	'2025-04-04 08:26:33',	'2025-04-04 08:26:33'),
(20,	'prod_S0tHEySqPm5QY5',	22,	25,	'limit_the_number_of_employees',	'15',	1,	'',	NULL,	NULL,	'2025-04-04 08:26:33',	'2025-04-04 08:26:33'),
(21,	'prod_S0tHEySqPm5QY5',	22,	26,	'limit_the_number_of_department',	'15',	1,	'',	NULL,	NULL,	'2025-04-04 08:26:33',	'2025-04-04 08:26:33'),
(22,	'prod_S0tHEySqPm5QY5',	22,	31,	'limit_the_number_of_teams',	'15',	1,	'',	NULL,	NULL,	'2025-04-04 08:26:33',	'2025-04-04 08:26:33'),
(23,	'prod_S0tHEySqPm5QY5',	77,	27,	'limit_the_number_of_shift_scheduling',	'15',	1,	'',	NULL,	NULL,	'2025-04-04 08:26:33',	'2025-04-04 08:26:33'),
(24,	'prod_S0tHEySqPm5QY5',	77,	27,	'allow_to_configure_multiple_breaks',	'1',	1,	'',	NULL,	NULL,	'2025-04-04 08:26:33',	'2025-04-04 08:26:33'),
(25,	'prod_S0tHEySqPm5QY5',	77,	28,	'limit_the_number_of_break_scheduling',	'15',	1,	'',	NULL,	NULL,	'2025-04-04 08:26:33',	'2025-04-04 08:26:33'),
(26,	'0',	77,	28,	'allow_to_configure_multiple_breaks',	'Unlimited',	2,	'',	NULL,	NULL,	'2025-04-04 08:26:33',	'2025-04-04 08:26:33'),
(27,	'prod_S0tHEySqPm5QY5',	44,	85,	'allow_to_access_attendance',	'1',	1,	'',	NULL,	NULL,	'2025-04-04 08:26:33',	'2025-04-04 08:26:33'),
(28,	'prod_S0tHEySqPm5QY5',	63,	65,	'allow_to_configure_timezone',	'1',	1,	'',	NULL,	NULL,	'2025-04-04 08:26:33',	'2025-04-04 08:26:33'),
(29,	'prod_S0tHEySqPm5QY5',	63,	65,	'allow_to_configure_billing_currency',	'1',	1,	'',	NULL,	NULL,	'2025-04-04 08:26:33',	'2025-04-04 08:26:33'),
(30,	'prod_S0tHEySqPm5QY5',	63,	65,	'allow_to_configure_weekend_days',	'1',	1,	'',	NULL,	NULL,	'2025-04-04 08:26:33',	'2025-04-04 08:26:33'),
(31,	'prod_S0tHEySqPm5QY5',	63,	66,	'allow_to_configure_themes',	'Grey,Green,Blue,Navy',	1,	'',	NULL,	NULL,	'2025-04-04 08:26:33',	'2025-04-04 08:26:33'),
(32,	'prod_S0tHEySqPm5QY5',	64,	67,	'limit_the_duration_of_capture_screen',	'30',	1,	'',	NULL,	NULL,	'2025-04-04 08:26:33',	'2025-04-04 08:26:33'),
(33,	'prod_S0tHEySqPm5QY5',	64,	67,	'limit_the_frequency_of_capture_screen',	'12',	1,	'',	NULL,	NULL,	'2025-04-04 08:26:33',	'2025-04-04 08:26:33'),
(34,	'prod_S0tHEySqPm5QY5',	64,	67,	'limit_the_duration_of_idle_time',	'30',	1,	'',	NULL,	NULL,	'2025-04-04 08:26:33',	'2025-04-04 08:26:33'),
(35,	'prod_S0tHEySqPm5QY5',	64,	67,	'limit_the_approval_of_idle_time',	'all',	1,	'',	NULL,	NULL,	'2025-04-04 08:26:33',	'2025-04-04 08:26:33'),
(36,	'prod_S0tHEySqPm5QY5',	64,	67,	'limit_the_idle_to_inactive_of_idle_time',	'18',	1,	'',	NULL,	NULL,	'2025-04-04 08:26:33',	'2025-04-04 08:26:33'),
(37,	'prod_S0tHEySqPm5QY5',	64,	67,	'allow_to_limit_tracking_mode',	'3',	1,	'',	NULL,	NULL,	'2025-04-04 08:26:33',	'2025-04-04 08:26:33'),
(38,	'prod_S0tHEySqPm5QY5',	64,	67,	'enable_web_app_tracking',	'1',	1,	'',	NULL,	NULL,	'2025-04-04 08:26:33',	'2025-04-04 08:26:33'),
(39,	'prod_S0tHEySqPm5QY5',	64,	68,	'limit_the_storage_of_local_data',	'18',	1,	'',	NULL,	NULL,	'2025-04-04 08:26:33',	'2025-04-04 08:26:33'),
(40,	'prod_S0tHEySqPm5QY5',	64,	68,	'limit_the_modification_of_time_entry',	'90',	1,	'',	NULL,	NULL,	'2025-04-04 08:26:33',	'2025-04-04 08:26:33'),
(41,	'prod_S0tHEySqPm5QY5',	63,	70,	'allow_to_configure_off_days_calendar',	'1',	1,	'',	NULL,	NULL,	'2025-04-04 08:26:33',	'2025-04-04 08:26:33'),
(42,	'prod_S0tHEySqPm5QY5',	61,	37,	'limit_the_of_profiles',	'15',	1,	'',	NULL,	NULL,	'2025-04-04 08:26:33',	'2025-04-04 08:26:33');

DROP TABLE IF EXISTS `timelog_summaries`;
CREATE TABLE `timelog_summaries` (
  `id` bigint unsigned NOT NULL AUTO_INCREMENT,
  `date` date NOT NULL,
  `user_id` int NOT NULL,
  `project_id` bigint DEFAULT NULL,
  `activity_id` bigint DEFAULT NULL,
  `course_id` bigint DEFAULT NULL,
  `user_courses_id` bigint DEFAULT NULL,
  `active_seconds` bigint DEFAULT NULL,
  `idle_seconds` bigint DEFAULT NULL,
  `break_seconds` bigint DEFAULT NULL,
  `manual_seconds` bigint DEFAULT NULL,
  `activity_level` double NOT NULL DEFAULT '0',
  `cost` double NOT NULL DEFAULT '0',
  `bill` double NOT NULL DEFAULT '0',
  `created_at` timestamp NULL DEFAULT NULL,
  `updated_at` timestamp NULL DEFAULT NULL,
  PRIMARY KEY (`id`),
  KEY `idx_date_user_id` (`project_id`,`date`,`user_id`)
) ENGINE=InnoDB DEFAULT CHARSET=utf8mb4 COLLATE=utf8mb4_unicode_ci;


DROP TABLE IF EXISTS `timelogs`;
CREATE TABLE `timelogs` (
  `id` int unsigned NOT NULL AUTO_INCREMENT,
  `image` varchar(255) DEFAULT NULL,
  `thumbnail` varchar(255) DEFAULT NULL,
  `project_id` int unsigned DEFAULT NULL,
  `activity_id` int unsigned DEFAULT NULL,
  `course_id` int unsigned DEFAULT NULL,
  `user_courses_id` int DEFAULT NULL,
  `article_id` int unsigned DEFAULT NULL,
  `quiz_id` int unsigned DEFAULT NULL,
  `user_id` int unsigned NOT NULL,
  `key_count` int DEFAULT NULL,
  `click_count` int DEFAULT NULL,
  `click_movement` int DEFAULT NULL,
  `start_time` datetime NOT NULL,
  `end_time` datetime DEFAULT NULL,
  `status` tinyint DEFAULT NULL,
  `deleted` tinyint DEFAULT '0',
  `summary_log_status` tinyint(1) NOT NULL DEFAULT '0',
  `activity_level` double(8,2) DEFAULT '0.00',
  `description` text,
  `type` varchar(255) NOT NULL DEFAULT 'A' COMMENT 'A = auto time tracking,M = manual time tracking',
  `break_id` int DEFAULT NULL,
  `default_idle_approval` varchar(10) DEFAULT NULL COMMENT 'Save User Default settings',
  `admin_idle_approval` varchar(10) DEFAULT NULL COMMENT 'Save admin settings against idle time',
  `shift_id` int DEFAULT NULL,
  `bill_cost` decimal(15,4) NOT NULL DEFAULT '0.0000',
  `cost` decimal(15,4) NOT NULL DEFAULT '0.0000',
  `bill` decimal(15,4) NOT NULL DEFAULT '0.0000',
  `rate` decimal(15,4) NOT NULL DEFAULT '0.0000',
  `is_archived` tinyint NOT NULL DEFAULT '1' COMMENT '1 for enabled, 2 for archive',
  `created_by` int unsigned NOT NULL,
  `idle_processed_by` int DEFAULT NULL,
  `created_at` timestamp NULL DEFAULT NULL,
  PRIMARY KEY (`id`,`start_time`),
  KEY `idx_start_end_time` (`start_time`,`end_time`,`user_id`),
  KEY `idx_user_id_start_time` (`user_id`,`start_time`)
) ENGINE=InnoDB DEFAULT CHARSET=utf8mb4 COLLATE=utf8mb4_unicode_ci;


DROP TABLE IF EXISTS `timelogs_idle_time_history`;
CREATE TABLE `timelogs_idle_time_history` (
  `id` bigint unsigned NOT NULL AUTO_INCREMENT,
  `timelogs_id` int NOT NULL COMMENT 'save timelog id',
  `project_id` int DEFAULT NULL,
  `activity_id` int DEFAULT NULL,
  `course_id` int DEFAULT NULL,
  `user_courses_id` int DEFAULT NULL,
  `company_setting_idle_time` int NOT NULL COMMENT 'save company default idle time',
  `deleted_at` timestamp NULL DEFAULT NULL,
  `created_at` timestamp NULL DEFAULT NULL,
  `updated_at` timestamp NULL DEFAULT NULL,
  PRIMARY KEY (`id`)
) ENGINE=InnoDB DEFAULT CHARSET=utf8mb4 COLLATE=utf8mb4_unicode_ci;


DROP TABLE IF EXISTS `user_activities`;
CREATE TABLE `user_activities` (
  `id` int unsigned NOT NULL AUTO_INCREMENT,
  `activity_id` int unsigned NOT NULL,
  `user_id` int unsigned NOT NULL,
  `profile_id` int DEFAULT '0',
  `team_id` int DEFAULT '0',
  `created_by` int unsigned NOT NULL,
  `activity_status` tinyint NOT NULL DEFAULT '0' COMMENT 'not started(0), in progress(1), completed(2)',
  `created_at` timestamp NULL DEFAULT CURRENT_TIMESTAMP,
  `updated_at` timestamp NULL DEFAULT CURRENT_TIMESTAMP ON UPDATE CURRENT_TIMESTAMP,
  PRIMARY KEY (`id`),
  KEY `user_activities_activity_id_foreign` (`activity_id`),
  KEY `user_activities_user_id_foreign` (`user_id`),
  KEY `user_activities_created_by_foreign` (`created_by`),
  CONSTRAINT `user_activities_activity_id_foreign` FOREIGN KEY (`activity_id`) REFERENCES `activities` (`id`),
  CONSTRAINT `user_activities_created_by_foreign` FOREIGN KEY (`created_by`) REFERENCES `users` (`id`),
  CONSTRAINT `user_activities_user_id_foreign` FOREIGN KEY (`user_id`) REFERENCES `users` (`id`)
) ENGINE=InnoDB DEFAULT CHARSET=utf8mb4 COLLATE=utf8mb4_unicode_ci;


DROP TABLE IF EXISTS `user_breaks`;
CREATE TABLE `user_breaks` (
  `id` bigint unsigned NOT NULL AUTO_INCREMENT,
  `user_id` int unsigned NOT NULL,
  `scheduled_by` int unsigned NOT NULL,
  `break_start` time NOT NULL,
  `break_end` time NOT NULL,
  `created_at` timestamp NULL DEFAULT NULL,
  `updated_at` timestamp NULL DEFAULT NULL,
  `break_type` tinyint NOT NULL DEFAULT '0',
  `status` tinyint NOT NULL DEFAULT '1' COMMENT '1 = enable, 2 =  disabled',
  PRIMARY KEY (`id`),
  KEY `user_breaks_user_id_foreign` (`user_id`),
  CONSTRAINT `user_breaks_user_id_foreign` FOREIGN KEY (`user_id`) REFERENCES `users` (`id`)
) ENGINE=InnoDB DEFAULT CHARSET=utf8mb4 COLLATE=utf8mb4_unicode_ci;


DROP TABLE IF EXISTS `user_courses`;
CREATE TABLE `user_courses` (
  `id` int unsigned NOT NULL AUTO_INCREMENT,
  `user_id` int unsigned NOT NULL,
  `assigned_by` int NOT NULL DEFAULT '0',
  `course_id` int unsigned NOT NULL,
  `profile_id` varchar(255) NOT NULL,
  `user_type` varchar(255) NOT NULL,
  `team_id` varchar(255) NOT NULL,
  `start_date` datetime NOT NULL,
  `due_date` datetime NOT NULL,
  `completed_at` datetime DEFAULT NULL,
  `role_type` varchar(255) DEFAULT NULL,
  `status` varchar(255) DEFAULT NULL,
  `course_completion` int NOT NULL DEFAULT '0',
  `total_time` varchar(255) NOT NULL DEFAULT '00:00:00',
  `obtained_score` varchar(255) NOT NULL DEFAULT '0',
  `total_score` varchar(255) NOT NULL DEFAULT '0',
  `created_at` timestamp NULL DEFAULT NULL,
  `updated_at` timestamp NULL DEFAULT NULL,
  `req_completion` tinyint NOT NULL DEFAULT '0',
  `force_order` tinyint NOT NULL DEFAULT '0',
  `is_library` tinyint NOT NULL DEFAULT '0',
  `course_batch_id` bigint NOT NULL,
  `is_removed` int NOT NULL DEFAULT '1' COMMENT '1=>active, 2=>removed',
  `deleted_at` timestamp NULL DEFAULT NULL,
  PRIMARY KEY (`id`),
  KEY `user_courses_user_id_foreign` (`user_id`),
  KEY `user_courses_course_id_foreign` (`course_id`),
  CONSTRAINT `user_courses_course_id_foreign` FOREIGN KEY (`course_id`) REFERENCES `courses` (`id`),
  CONSTRAINT `user_courses_user_id_foreign` FOREIGN KEY (`user_id`) REFERENCES `users` (`id`)
) ENGINE=InnoDB DEFAULT CHARSET=utf8mb4 COLLATE=utf8mb4_unicode_ci;


DROP TABLE IF EXISTS `user_projects`;
CREATE TABLE `user_projects` (
  `id` int unsigned NOT NULL AUTO_INCREMENT,
  `project_id` int unsigned NOT NULL,
  `user_id` int unsigned NOT NULL,
  `profile_id` int unsigned NOT NULL,
  `team_id` int DEFAULT '0',
  `user_type` tinyint DEFAULT NULL,
  `created_by` int unsigned NOT NULL,
  `created_at` timestamp NOT NULL,
  PRIMARY KEY (`id`),
  KEY `user_projects_project_id_foreign` (`project_id`),
  KEY `user_projects_user_id_foreign` (`user_id`),
  KEY `user_projects_created_by_foreign` (`created_by`),
  KEY `user_projects_profile_id_foreign` (`profile_id`),
  CONSTRAINT `user_projects_created_by_foreign` FOREIGN KEY (`created_by`) REFERENCES `users` (`id`),
  CONSTRAINT `user_projects_profile_id_foreign` FOREIGN KEY (`profile_id`) REFERENCES `profile_types` (`id`),
  CONSTRAINT `user_projects_project_id_foreign` FOREIGN KEY (`project_id`) REFERENCES `projects` (`id`),
  CONSTRAINT `user_projects_user_id_foreign` FOREIGN KEY (`user_id`) REFERENCES `users` (`id`)
) ENGINE=InnoDB DEFAULT CHARSET=utf8mb4 COLLATE=utf8mb4_unicode_ci;


DROP TABLE IF EXISTS `user_time_log`;
CREATE TABLE `user_time_log` (
  `id` bigint unsigned NOT NULL AUTO_INCREMENT,
  `user_id` int DEFAULT NULL,
  `company_id` int DEFAULT NULL,
  `time_logs` text,
  `time_created` datetime DEFAULT NULL,
  `exception` text,
  `created_at` timestamp NULL DEFAULT NULL,
  `updated_at` timestamp NULL DEFAULT NULL,
  PRIMARY KEY (`id`)
) ENGINE=InnoDB DEFAULT CHARSET=utf8mb4 COLLATE=utf8mb4_unicode_ci;


DROP TABLE IF EXISTS `users`;
CREATE TABLE `users` (
  `id` int unsigned NOT NULL AUTO_INCREMENT,
  `email` varchar(45) DEFAULT NULL,
  `password` varchar(255) DEFAULT NULL,
  `app_password` blob NOT NULL,
  `first_name` varchar(45) DEFAULT NULL,
  `last_name` varchar(45) DEFAULT NULL,
  `phone` varchar(20) DEFAULT NULL,
  `image` varchar(255) DEFAULT NULL,
  `department_id` int NOT NULL DEFAULT '0',
  `theme_color` varchar(255) DEFAULT 'at-blue',
  `macAddress` varchar(50) DEFAULT NULL,
  `client_app_version` varchar(10) DEFAULT NULL,
  `remember_token` varchar(100) DEFAULT NULL,
  `timezone` varchar(255) DEFAULT NULL,
  `is_employee` tinyint NOT NULL DEFAULT '0',
  `last_active_at` timestamp NULL DEFAULT NULL,
  `current_status` int DEFAULT '2',
  `current_task_id` int DEFAULT NULL,
  `current_course_id` int DEFAULT NULL,
  `shift_id` int DEFAULT NULL,
  `productivity` tinyint NOT NULL DEFAULT '1' COMMENT '1 for productive, 2 for non-productive',
  `is_attendance_enabled` tinyint NOT NULL DEFAULT '2' COMMENT '1 for enabled, 2 for disabled',
  `attendance_relaxation_time` varchar(255) NOT NULL DEFAULT '00:00:00',
  `last_updated` timestamp NULL DEFAULT NULL,
  `created_at` timestamp NULL DEFAULT NULL,
  `updated_at` timestamp NULL DEFAULT NULL,
  `stripe_customer_id` varchar(255) NOT NULL,
  PRIMARY KEY (`id`),
  UNIQUE KEY `users_email_unique` (`email`)
) ENGINE=InnoDB DEFAULT CHARSET=utf8mb4 COLLATE=utf8mb4_unicode_ci;

INSERT INTO `users` (`id`, `email`, `password`, `app_password`, `first_name`, `last_name`, `phone`, `image`, `department_id`, `theme_color`, `macAddress`, `client_app_version`, `remember_token`, `timezone`, `is_employee`, `last_active_at`, `current_status`, `current_task_id`, `current_course_id`, `shift_id`, `productivity`, `is_attendance_enabled`, `attendance_relaxation_time`, `last_updated`, `created_at`, `updated_at`, `stripe_customer_id`) VALUES
(2319,	'irfan20@gmail.com',	'$2y$10$/oJfIMkNUNS.dhFXK5pmLuiRvUPkm16Y/BFR.z3KjipAsyNjnnrOq',	'',	'irfan',	'javed',	'+1',	NULL,	1,	'theme-two',	NULL,	NULL,	NULL,	NULL,	0,	NULL,	2,	NULL,	NULL,	1,	1,	2,	'00:00:00',	NULL,	'2025-04-04 08:26:27',	'2025-04-04 08:27:14',	'cus_S4E1HY5N5Heibs');

DROP TABLE IF EXISTS `web_app_service_histories`;
CREATE TABLE `web_app_service_histories` (
  `id` bigint unsigned NOT NULL AUTO_INCREMENT,
  `user_id` bigint unsigned NOT NULL,
  `action_type` tinyint NOT NULL COMMENT '1 for start, 2 for stop',
  `action_date_time` timestamp NULL DEFAULT NULL,
  `created_at` timestamp NULL DEFAULT NULL,
  `updated_at` timestamp NULL DEFAULT NULL,
  PRIMARY KEY (`id`)
) ENGINE=InnoDB DEFAULT CHARSET=utf8mb4 COLLATE=utf8mb4_unicode_ci;


DROP TABLE IF EXISTS `web_app_tracking`;
CREATE TABLE `web_app_tracking` (
  `id` char(36) NOT NULL COMMENT '(DC2Type:guid)',
  `user_id` int unsigned NOT NULL,
  `task_id` int DEFAULT NULL,
  `project_id` int unsigned DEFAULT NULL,
  `course_id` int unsigned DEFAULT NULL,
  `type` tinyint NOT NULL DEFAULT '1' COMMENT '1 for Website , 2 for Apps',
  `app` text NOT NULL COMMENT ' to store app name (e.g WINDWARD.EXE)',
  `description` text CHARACTER SET utf8mb4 COLLATE utf8mb4_unicode_ci,
  `start_time` datetime NOT NULL,
  `end_time` datetime DEFAULT NULL,
  `spend_time` varchar(255) DEFAULT NULL,
  `os` tinyint NOT NULL DEFAULT '1' COMMENT '1 for window, 2 for Mac, 3 for linux',
  `deleted_at` datetime DEFAULT NULL,
  `created_at` timestamp NOT NULL DEFAULT CURRENT_TIMESTAMP,
  `updated_at` timestamp NOT NULL DEFAULT CURRENT_TIMESTAMP,
  `url` text,
  `status` tinyint NOT NULL DEFAULT '1',
  PRIMARY KEY (`id`,`start_time`),
  KEY `idx_startend_time_wat` (`start_time`,`end_time`,`user_id`)
) ENGINE=InnoDB DEFAULT CHARSET=utf8mb4 COLLATE=utf8mb4_unicode_ci;


DROP TABLE IF EXISTS `web_app_tracking_domain`;
CREATE TABLE `web_app_tracking_domain` (
  `id` bigint unsigned NOT NULL AUTO_INCREMENT,
  `domain_name` text,
  `domain_label` varchar(255) DEFAULT NULL,
  `domain_url` text,
  `app_logo` text,
  `app_logo_ext` varchar(10) DEFAULT NULL,
  `type` tinyint NOT NULL DEFAULT '1',
  `productivity` tinyint NOT NULL DEFAULT '1',
  `domain_validation` tinyint NOT NULL DEFAULT '1',
  `created_at` timestamp NULL DEFAULT NULL,
  `updated_at` timestamp NULL DEFAULT NULL,
  PRIMARY KEY (`id`)
) ENGINE=InnoDB DEFAULT CHARSET=utf8mb4 COLLATE=utf8mb4_unicode_ci;


DROP TABLE IF EXISTS `web_app_tracking_domain_users`;
CREATE TABLE `web_app_tracking_domain_users` (
  `id` bigint unsigned NOT NULL AUTO_INCREMENT,
  `user_id` int NOT NULL DEFAULT '0',
  `domain_id` int NOT NULL DEFAULT '0',
  `productivity` tinyint NOT NULL DEFAULT '1',
  `created_at` timestamp NULL DEFAULT NULL,
  `updated_at` timestamp NULL DEFAULT NULL,
  PRIMARY KEY (`id`)
) ENGINE=InnoDB DEFAULT CHARSET=utf8mb4 COLLATE=utf8mb4_unicode_ci;


DROP TABLE IF EXISTS `web_app_tracking_meta`;
CREATE TABLE `web_app_tracking_meta` (
  `id` bigint unsigned NOT NULL AUTO_INCREMENT,
  `app` varchar(150) DEFAULT NULL COMMENT 'Save application name (Like chrome.exe)',
  `description` text COMMENT 'Save application description',
  `app_logo` varchar(170) DEFAULT NULL,
  `app_extension` varchar(170) DEFAULT NULL,
  `type` tinyint NOT NULL DEFAULT '2',
  `productivity` tinyint NOT NULL DEFAULT '2',
  `created_at` timestamp NULL DEFAULT NULL,
  `updated_at` timestamp NULL DEFAULT NULL,
  PRIMARY KEY (`id`)
) ENGINE=InnoDB DEFAULT CHARSET=utf8mb4 COLLATE=utf8mb4_unicode_ci;

INSERT INTO `web_app_tracking_meta` (`id`, `app`, `description`, `app_logo`, `app_extension`, `type`, `productivity`, `created_at`, `updated_at`) VALUES
(1,	'firefox.exe',	'Mozilla Firefox',	NULL,	NULL,	1,	1,	'2025-04-04 08:26:33',	'2025-04-04 08:26:33'),
(2,	'chrome.exe',	'Google Chrome',	NULL,	NULL,	1,	1,	'2025-04-04 08:26:33',	'2025-04-04 08:26:33'),
(3,	'Google Chrome.exe',	'Google Chrome',	NULL,	NULL,	1,	1,	'2025-04-04 08:26:33',	'2025-04-04 08:26:33'),
(4,	'Safari.exe',	'Safari',	NULL,	NULL,	1,	1,	'2025-04-04 08:26:33',	'2025-04-04 08:26:33'),
(5,	'msedge.exe',	'Microsoft Edge',	NULL,	NULL,	1,	1,	'2025-04-04 08:26:33',	'2025-04-04 08:26:33'),
(6,	'opera.exe',	'Opera',	NULL,	NULL,	1,	1,	'2025-04-04 08:26:33',	'2025-04-04 08:26:33'),
(7,	'brave.exe',	'Brave Browser',	NULL,	NULL,	1,	1,	'2025-04-04 08:26:33',	'2025-04-04 08:26:33'),
(8,	'vivaldi.exe',	'Vivaldi',	NULL,	NULL,	1,	1,	'2025-04-04 08:26:33',	'2025-04-04 08:26:33'),
(9,	'tor.exe',	'Tor Browser',	NULL,	NULL,	1,	1,	'2025-04-04 08:26:33',	'2025-04-04 08:26:33');

DROP TABLE IF EXISTS `web_app_tracking_summariez`;
CREATE TABLE `web_app_tracking_summariez` (
  `id` char(36) NOT NULL,
  `user_id` int NOT NULL DEFAULT '0',
  `type` tinyint NOT NULL DEFAULT '1',
  `app_name` varchar(170) DEFAULT NULL,
  `date_entry` date DEFAULT NULL,
  `spent_time` varchar(170) DEFAULT NULL,
  `url_count` int NOT NULL DEFAULT '0',
  `domain_name` varchar(170) DEFAULT NULL,
  `domain_label` varchar(255) DEFAULT NULL,
  `full_url` text,
  `timezone` varchar(50) DEFAULT NULL,
  `domain_validation` tinyint NOT NULL DEFAULT '1',
  `productivity` tinyint NOT NULL DEFAULT '1',
  `created_at` timestamp NULL DEFAULT NULL,
  `updated_at` timestamp NULL DEFAULT NULL,
  PRIMARY KEY (`id`)
) ENGINE=InnoDB DEFAULT CHARSET=utf8mb4 COLLATE=utf8mb4_unicode_ci;


DROP TABLE IF EXISTS `zapier_logs`;
CREATE TABLE `zapier_logs` (
  `id` bigint unsigned NOT NULL AUTO_INCREMENT,
  `trigger` varchar(255) NOT NULL,
  `model_id` bigint NOT NULL,
  `created_at` timestamp NULL DEFAULT NULL,
  `updated_at` timestamp NULL DEFAULT NULL,
  `deleted_at` timestamp NULL DEFAULT NULL,
  PRIMARY KEY (`id`)
) ENGINE=InnoDB DEFAULT CHARSET=utf8mb4 COLLATE=utf8mb4_unicode_ci;


-- 2025-04-07 08:11:04
